"case_id","clients","dimension","ring_dim","block_count","noise","seed","repetition","status","encoded_plaintext_diff_linf","encoded_plaintext_mismatch_count","decoded_or_wire_mismatches","protocol_abort_count","total_ms","total_bytes","peak_rss_kb","wrapper_elapsed_seconds","result_file"
"c10_d8192_b1_dgg32_s2024_r001","10","8192","16384","1","dgg32","2024","1","PASS","0","0","0","0","317.238","23072192","63024","3.305185","results/formal_v8/multiblock_scaling_paper/c10_d8192_b1_dgg32_s2024_r001.json"
"c10_d8192_b1_dgg32_s2024_r002","10","8192","16384","1","dgg32","2024","2","PASS","0","0","0","0","348.837","23072192","63028","0.483962","results/formal_v8/multiblock_scaling_paper/c10_d8192_b1_dgg32_s2024_r002.json"
"c10_d8192_b1_dgg32_s2024_r003","10","8192","16384","1","dgg32","2024","3","PASS","0","0","0","0","360.586","23072192","63028","0.492513","results/formal_v8/multiblock_scaling_paper/c10_d8192_b1_dgg32_s2024_r003.json"
"c10_d8192_b1_dgg32_s2024_r004","10","8192","16384","1","dgg32","2024","4","PASS","0","0","0","0","344.88","23072192","62896","0.481565","results/formal_v8/multiblock_scaling_paper/c10_d8192_b1_dgg32_s2024_r004.json"
"c10_d8192_b1_dgg32_s2024_r005","10","8192","16384","1","dgg32","2024","5","PASS","0","0","0","0","338.638","23072192","63112","0.464258","results/formal_v8/multiblock_scaling_paper/c10_d8192_b1_dgg32_s2024_r005.json"
"c10_d8192_b1_dgg32_s2025_r001","10","8192","16384","1","dgg32","2025","1","PASS","0","0","0","0","337.302","23072192","63028","0.465971","results/formal_v8/multiblock_scaling_paper/c10_d8192_b1_dgg32_s2025_r001.json"
"c10_d8192_b1_dgg32_s2025_r002","10","8192","16384","1","dgg32","2025","2","PASS","0","0","0","0","328.408","23072192","63028","0.452072","results/formal_v8/multiblock_scaling_paper/c10_d8192_b1_dgg32_s2025_r002.json"
"c10_d8192_b1_dgg32_s2025_r003","10","8192","16384","1","dgg32","2025","3","PASS","0","0","0","0","335.913","23072192","63028","0.468272","results/formal_v8/multiblock_scaling_paper/c10_d8192_b1_dgg32_s2025_r003.json"
"c10_d8192_b1_dgg32_s2025_r004","10","8192","16384","1","dgg32","2025","4","PASS","0","0","0","0","359.545","23072192","63136","0.494939","results/formal_v8/multiblock_scaling_paper/c10_d8192_b1_dgg32_s2025_r004.json"
"c10_d8192_b1_dgg32_s2025_r005","10","8192","16384","1","dgg32","2025","5","PASS","0","0","0","0","312.003","23072192","63028","0.444914","results/formal_v8/multiblock_scaling_paper/c10_d8192_b1_dgg32_s2025_r005.json"
"c10_d8192_b1_dgg32_s2026_r001","10","8192","16384","1","dgg32","2026","1","PASS","0","0","0","0","362.792","23072192","63028","0.489723","results/formal_v8/multiblock_scaling_paper/c10_d8192_b1_dgg32_s2026_r001.json"
"c10_d8192_b1_dgg32_s2026_r002","10","8192","16384","1","dgg32","2026","2","PASS","0","0","0","0","308.275","23072192","63024","0.432942","results/formal_v8/multiblock_scaling_paper/c10_d8192_b1_dgg32_s2026_r002.json"
"c10_d8192_b1_dgg32_s2026_r003","10","8192","16384","1","dgg32","2026","3","PASS","0","0","0","0","335.259","23072192","63028","0.491137","results/formal_v8/multiblock_scaling_paper/c10_d8192_b1_dgg32_s2026_r003.json"
"c10_d8192_b1_dgg32_s2026_r004","10","8192","16384","1","dgg32","2026","4","PASS","0","0","0","0","307.735","23072192","63028","0.430686","results/formal_v8/multiblock_scaling_paper/c10_d8192_b1_dgg32_s2026_r004.json"
"c10_d8192_b1_dgg32_s2026_r005","10","8192","16384","1","dgg32","2026","5","PASS","0","0","0","0","308.555","23072192","63068","0.437686","results/formal_v8/multiblock_scaling_paper/c10_d8192_b1_dgg32_s2026_r005.json"
"c30_d8192_b1_dgg32_s2024_r001","30","8192","16384","1","dgg32","2024","1","PASS","0","0","0","0","949.094","65021632","168252","1.083004","results/formal_v8/multiblock_scaling_paper/c30_d8192_b1_dgg32_s2024_r001.json"
"c30_d8192_b1_dgg32_s2024_r002","30","8192","16384","1","dgg32","2024","2","PASS","0","0","0","0","923.902","65021632","168240","1.051149","results/formal_v8/multiblock_scaling_paper/c30_d8192_b1_dgg32_s2024_r002.json"
"c30_d8192_b1_dgg32_s2024_r003","30","8192","16384","1","dgg32","2024","3","PASS","0","0","0","0","930.542","65021632","168180","1.052016","results/formal_v8/multiblock_scaling_paper/c30_d8192_b1_dgg32_s2024_r003.json"
"c30_d8192_b1_dgg32_s2024_r004","30","8192","16384","1","dgg32","2024","4","PASS","0","0","0","0","909.54","65021632","168240","1.050621","results/formal_v8/multiblock_scaling_paper/c30_d8192_b1_dgg32_s2024_r004.json"
"c30_d8192_b1_dgg32_s2024_r005","30","8192","16384","1","dgg32","2024","5","PASS","0","0","0","0","916.733","65021632","168176","1.064746","results/formal_v8/multiblock_scaling_paper/c30_d8192_b1_dgg32_s2024_r005.json"
"c30_d8192_b1_dgg32_s2025_r001","30","8192","16384","1","dgg32","2025","1","PASS","0","0","0","0","918.775","65021632","168240","1.04844","results/formal_v8/multiblock_scaling_paper/c30_d8192_b1_dgg32_s2025_r001.json"
"c30_d8192_b1_dgg32_s2025_r002","30","8192","16384","1","dgg32","2025","2","PASS","0","0","0","0","881.775","65021632","168108","1.002444","results/formal_v8/multiblock_scaling_paper/c30_d8192_b1_dgg32_s2025_r002.json"
"c30_d8192_b1_dgg32_s2025_r003","30","8192","16384","1","dgg32","2025","3","PASS","0","0","0","0","910.624","65021632","168216","1.026077","results/formal_v8/multiblock_scaling_paper/c30_d8192_b1_dgg32_s2025_r003.json"
"c30_d8192_b1_dgg32_s2025_r004","30","8192","16384","1","dgg32","2025","4","PASS","0","0","0","0","909.682","65021632","168236","1.03668","results/formal_v8/multiblock_scaling_paper/c30_d8192_b1_dgg32_s2025_r004.json"
"c30_d8192_b1_dgg32_s2025_r005","30","8192","16384","1","dgg32","2025","5","PASS","0","0","0","0","918.102","65021632","168172","1.043066","results/formal_v8/multiblock_scaling_paper/c30_d8192_b1_dgg32_s2025_r005.json"
"c30_d8192_b1_dgg32_s2026_r001","30","8192","16384","1","dgg32","2026","1","PASS","0","0","0","0","906.649","65021632","168240","1.03854","results/formal_v8/multiblock_scaling_paper/c30_d8192_b1_dgg32_s2026_r001.json"
"c30_d8192_b1_dgg32_s2026_r002","30","8192","16384","1","dgg32","2026","2","PASS","0","0","0","0","851.029","65021632","168244","0.984895","results/formal_v8/multiblock_scaling_paper/c30_d8192_b1_dgg32_s2026_r002.json"
"c30_d8192_b1_dgg32_s2026_r003","30","8192","16384","1","dgg32","2026","3","PASS","0","0","0","0","935.262","65021632","168240","1.056444","results/formal_v8/multiblock_scaling_paper/c30_d8192_b1_dgg32_s2026_r003.json"
"c30_d8192_b1_dgg32_s2026_r004","30","8192","16384","1","dgg32","2026","4","PASS","0","0","0","0","875.706","65021632","168240","0.999742","results/formal_v8/multiblock_scaling_paper/c30_d8192_b1_dgg32_s2026_r004.json"
"c30_d8192_b1_dgg32_s2026_r005","30","8192","16384","1","dgg32","2026","5","PASS","0","0","0","0","981.126","65021632","168236","1.110663","results/formal_v8/multiblock_scaling_paper/c30_d8192_b1_dgg32_s2026_r005.json"
"c50_d8192_b1_dgg32_s2024_r001","50","8192","16384","1","dgg32","2024","1","PASS","0","0","0","0","1664.5","106971072","273652","1.789895","results/formal_v8/multiblock_scaling_paper/c50_d8192_b1_dgg32_s2024_r001.json"
"c50_d8192_b1_dgg32_s2024_r002","50","8192","16384","1","dgg32","2024","2","PASS","0","0","0","0","1427.16","106971072","273656","1.543092","results/formal_v8/multiblock_scaling_paper/c50_d8192_b1_dgg32_s2024_r002.json"
"c50_d8192_b1_dgg32_s2024_r003","50","8192","16384","1","dgg32","2024","3","PASS","0","0","0","0","1509.53","106971072","273656","1.624793","results/formal_v8/multiblock_scaling_paper/c50_d8192_b1_dgg32_s2024_r003.json"
"c50_d8192_b1_dgg32_s2024_r004","50","8192","16384","1","dgg32","2024","4","PASS","0","0","0","0","1682.94","106971072","273656","1.82117","results/formal_v8/multiblock_scaling_paper/c50_d8192_b1_dgg32_s2024_r004.json"
"c50_d8192_b1_dgg32_s2024_r005","50","8192","16384","1","dgg32","2024","5","PASS","0","0","0","0","1558.48","106971072","273656","1.728858","results/formal_v8/multiblock_scaling_paper/c50_d8192_b1_dgg32_s2024_r005.json"
"c50_d8192_b1_dgg32_s2025_r001","50","8192","16384","1","dgg32","2025","1","PASS","0","0","0","0","1467.26","106971072","273656","1.603297","results/formal_v8/multiblock_scaling_paper/c50_d8192_b1_dgg32_s2025_r001.json"
"c50_d8192_b1_dgg32_s2025_r002","50","8192","16384","1","dgg32","2025","2","PASS","0","0","0","0","1719.75","106971072","273524","1.866852","results/formal_v8/multiblock_scaling_paper/c50_d8192_b1_dgg32_s2025_r002.json"
"c50_d8192_b1_dgg32_s2025_r003","50","8192","16384","1","dgg32","2025","3","PASS","0","0","0","0","1520.73","106971072","273656","1.651323","results/formal_v8/multiblock_scaling_paper/c50_d8192_b1_dgg32_s2025_r003.json"
"c50_d8192_b1_dgg32_s2025_r004","50","8192","16384","1","dgg32","2025","4","PASS","0","0","0","0","1535.68","106971072","273592","1.681355","results/formal_v8/multiblock_scaling_paper/c50_d8192_b1_dgg32_s2025_r004.json"
"c50_d8192_b1_dgg32_s2025_r005","50","8192","16384","1","dgg32","2025","5","PASS","0","0","0","0","1517.38","106971072","273656","1.666711","results/formal_v8/multiblock_scaling_paper/c50_d8192_b1_dgg32_s2025_r005.json"
"c50_d8192_b1_dgg32_s2026_r001","50","8192","16384","1","dgg32","2026","1","PASS","0","0","0","0","1429.91","106971072","273720","1.559756","results/formal_v8/multiblock_scaling_paper/c50_d8192_b1_dgg32_s2026_r001.json"
"c50_d8192_b1_dgg32_s2026_r002","50","8192","16384","1","dgg32","2026","2","PASS","0","0","0","0","1429.9","106971072","273656","1.560686","results/formal_v8/multiblock_scaling_paper/c50_d8192_b1_dgg32_s2026_r002.json"
"c50_d8192_b1_dgg32_s2026_r003","50","8192","16384","1","dgg32","2026","3","PASS","0","0","0","0","1502.15","106971072","273592","1.628486","results/formal_v8/multiblock_scaling_paper/c50_d8192_b1_dgg32_s2026_r003.json"
"c50_d8192_b1_dgg32_s2026_r004","50","8192","16384","1","dgg32","2026","4","PASS","0","0","0","0","1507.49","106971072","273656","1.647503","results/formal_v8/multiblock_scaling_paper/c50_d8192_b1_dgg32_s2026_r004.json"
"c50_d8192_b1_dgg32_s2026_r005","50","8192","16384","1","dgg32","2026","5","PASS","0","0","0","0","1612.1","106971072","273592","1.746982","results/formal_v8/multiblock_scaling_paper/c50_d8192_b1_dgg32_s2026_r005.json"
"c10_d32768_b1_dgg32_s2024_r001","10","32768","16384","1","dgg32","2024","1","PASS","0","0","0","0","317.42","23072192","63156","0.443653","results/formal_v8/multiblock_scaling_paper/c10_d32768_b1_dgg32_s2024_r001.json"
"c10_d32768_b1_dgg32_s2024_r002","10","32768","16384","1","dgg32","2024","2","PASS","0","0","0","0","323.031","23072192","63120","0.448436","results/formal_v8/multiblock_scaling_paper/c10_d32768_b1_dgg32_s2024_r002.json"
"c10_d32768_b1_dgg32_s2024_r003","10","32768","16384","1","dgg32","2024","3","PASS","0","0","0","0","321.885","23072192","62972","0.443614","results/formal_v8/multiblock_scaling_paper/c10_d32768_b1_dgg32_s2024_r003.json"
"c10_d32768_b1_dgg32_s2024_r004","10","32768","16384","1","dgg32","2024","4","PASS","0","0","0","0","308.842","23072192","63160","0.435703","results/formal_v8/multiblock_scaling_paper/c10_d32768_b1_dgg32_s2024_r004.json"
"c10_d32768_b1_dgg32_s2024_r005","10","32768","16384","1","dgg32","2024","5","PASS","0","0","0","0","375.387","23072192","63164","0.509551","results/formal_v8/multiblock_scaling_paper/c10_d32768_b1_dgg32_s2024_r005.json"
"c10_d32768_b1_dgg32_s2025_r001","10","32768","16384","1","dgg32","2025","1","PASS","0","0","0","0","360.12","23072192","63156","0.488875","results/formal_v8/multiblock_scaling_paper/c10_d32768_b1_dgg32_s2025_r001.json"
"c10_d32768_b1_dgg32_s2025_r002","10","32768","16384","1","dgg32","2025","2","PASS","0","0","0","0","351.854","23072192","63152","0.489746","results/formal_v8/multiblock_scaling_paper/c10_d32768_b1_dgg32_s2025_r002.json"
"c10_d32768_b1_dgg32_s2025_r003","10","32768","16384","1","dgg32","2025","3","PASS","0","0","0","0","316.097","23072192","63024","0.438181","results/formal_v8/multiblock_scaling_paper/c10_d32768_b1_dgg32_s2025_r003.json"
"c10_d32768_b1_dgg32_s2025_r004","10","32768","16384","1","dgg32","2025","4","PASS","0","0","0","0","333.74","23072192","63044","0.461929","results/formal_v8/multiblock_scaling_paper/c10_d32768_b1_dgg32_s2025_r004.json"
"c10_d32768_b1_dgg32_s2025_r005","10","32768","16384","1","dgg32","2025","5","PASS","0","0","0","0","297.406","23072192","63160","0.425357","results/formal_v8/multiblock_scaling_paper/c10_d32768_b1_dgg32_s2025_r005.json"
"c10_d32768_b1_dgg32_s2026_r001","10","32768","16384","1","dgg32","2026","1","PASS","0","0","0","0","306.729","23072192","63160","0.420466","results/formal_v8/multiblock_scaling_paper/c10_d32768_b1_dgg32_s2026_r001.json"
"c10_d32768_b1_dgg32_s2026_r002","10","32768","16384","1","dgg32","2026","2","PASS","0","0","0","0","301.526","23072192","63160","0.414306","results/formal_v8/multiblock_scaling_paper/c10_d32768_b1_dgg32_s2026_r002.json"
"c10_d32768_b1_dgg32_s2026_r003","10","32768","16384","1","dgg32","2026","3","PASS","0","0","0","0","311.581","23072192","63160","0.434002","results/formal_v8/multiblock_scaling_paper/c10_d32768_b1_dgg32_s2026_r003.json"
"c10_d32768_b1_dgg32_s2026_r004","10","32768","16384","1","dgg32","2026","4","PASS","0","0","0","0","323.025","23072192","63160","0.450512","results/formal_v8/multiblock_scaling_paper/c10_d32768_b1_dgg32_s2026_r004.json"
"c10_d32768_b1_dgg32_s2026_r005","10","32768","16384","1","dgg32","2026","5","PASS","0","0","0","0","314.513","23072192","62968","0.44785","results/formal_v8/multiblock_scaling_paper/c10_d32768_b1_dgg32_s2026_r005.json"
"c30_d32768_b1_dgg32_s2024_r001","30","32768","16384","1","dgg32","2024","1","PASS","0","0","0","0","1066.53","65021632","168312","1.204999","results/formal_v8/multiblock_scaling_paper/c30_d32768_b1_dgg32_s2024_r001.json"
"c30_d32768_b1_dgg32_s2024_r002","30","32768","16384","1","dgg32","2024","2","PASS","0","0","0","0","954.259","65021632","168368","1.092211","results/formal_v8/multiblock_scaling_paper/c30_d32768_b1_dgg32_s2024_r002.json"
"c30_d32768_b1_dgg32_s2024_r003","30","32768","16384","1","dgg32","2024","3","PASS","0","0","0","0","901.933","65021632","168312","1.056179","results/formal_v8/multiblock_scaling_paper/c30_d32768_b1_dgg32_s2024_r003.json"
"c30_d32768_b1_dgg32_s2024_r004","30","32768","16384","1","dgg32","2024","4","PASS","0","0","0","0","910.937","65021632","168372","1.046996","results/formal_v8/multiblock_scaling_paper/c30_d32768_b1_dgg32_s2024_r004.json"
"c30_d32768_b1_dgg32_s2024_r005","30","32768","16384","1","dgg32","2024","5","PASS","0","0","0","0","902.421","65021632","168236","1.025981","results/formal_v8/multiblock_scaling_paper/c30_d32768_b1_dgg32_s2024_r005.json"
"c30_d32768_b1_dgg32_s2025_r001","30","32768","16384","1","dgg32","2025","1","PASS","0","0","0","0","960.862","65021632","168240","1.093227","results/formal_v8/multiblock_scaling_paper/c30_d32768_b1_dgg32_s2025_r001.json"
"c30_d32768_b1_dgg32_s2025_r002","30","32768","16384","1","dgg32","2025","2","PASS","0","0","0","0","895.756","65021632","168308","1.026516","results/formal_v8/multiblock_scaling_paper/c30_d32768_b1_dgg32_s2025_r002.json"
"c30_d32768_b1_dgg32_s2025_r003","30","32768","16384","1","dgg32","2025","3","PASS","0","0","0","0","927.043","65021632","168372","1.049466","results/formal_v8/multiblock_scaling_paper/c30_d32768_b1_dgg32_s2025_r003.json"
"c30_d32768_b1_dgg32_s2025_r004","30","32768","16384","1","dgg32","2025","4","PASS","0","0","0","0","907.328","65021632","168372","1.037702","results/formal_v8/multiblock_scaling_paper/c30_d32768_b1_dgg32_s2025_r004.json"
"c30_d32768_b1_dgg32_s2025_r005","30","32768","16384","1","dgg32","2025","5","PASS","0","0","0","0","869.145","65021632","168372","0.995269","results/formal_v8/multiblock_scaling_paper/c30_d32768_b1_dgg32_s2025_r005.json"
"c30_d32768_b1_dgg32_s2026_r001","30","32768","16384","1","dgg32","2026","1","PASS","0","0","0","0","927.911","65021632","168372","1.055512","results/formal_v8/multiblock_scaling_paper/c30_d32768_b1_dgg32_s2026_r001.json"
"c30_d32768_b1_dgg32_s2026_r002","30","32768","16384","1","dgg32","2026","2","PASS","0","0","0","0","869.815","65021632","168372","1.007584","results/formal_v8/multiblock_scaling_paper/c30_d32768_b1_dgg32_s2026_r002.json"
"c30_d32768_b1_dgg32_s2026_r003","30","32768","16384","1","dgg32","2026","3","PASS","0","0","0","0","872.947","65021632","168372","1.019581","results/formal_v8/multiblock_scaling_paper/c30_d32768_b1_dgg32_s2026_r003.json"
"c30_d32768_b1_dgg32_s2026_r004","30","32768","16384","1","dgg32","2026","4","PASS","0","0","0","0","934.003","65021632","168372","1.069326","results/formal_v8/multiblock_scaling_paper/c30_d32768_b1_dgg32_s2026_r004.json"
"c30_d32768_b1_dgg32_s2026_r005","30","32768","16384","1","dgg32","2026","5","PASS","0","0","0","0","924.929","65021632","168372","1.053902","results/formal_v8/multiblock_scaling_paper/c30_d32768_b1_dgg32_s2026_r005.json"
"c50_d32768_b1_dgg32_s2024_r001","50","32768","16384","1","dgg32","2024","1","PASS","0","0","0","0","1547.17","106971072","273788","1.683667","results/formal_v8/multiblock_scaling_paper/c50_d32768_b1_dgg32_s2024_r001.json"
"c50_d32768_b1_dgg32_s2024_r002","50","32768","16384","1","dgg32","2024","2","PASS","0","0","0","0","1540.71","106971072","273596","1.674667","results/formal_v8/multiblock_scaling_paper/c50_d32768_b1_dgg32_s2024_r002.json"
"c50_d32768_b1_dgg32_s2024_r003","50","32768","16384","1","dgg32","2024","3","PASS","0","0","0","0","1513.57","106971072","273788","1.643244","results/formal_v8/multiblock_scaling_paper/c50_d32768_b1_dgg32_s2024_r003.json"
"c50_d32768_b1_dgg32_s2024_r004","50","32768","16384","1","dgg32","2024","4","PASS","0","0","0","0","1537.19","106971072","273792","1.674905","results/formal_v8/multiblock_scaling_paper/c50_d32768_b1_dgg32_s2024_r004.json"
"c50_d32768_b1_dgg32_s2024_r005","50","32768","16384","1","dgg32","2024","5","PASS","0","0","0","0","1493.76","106971072","273784","1.635477","results/formal_v8/multiblock_scaling_paper/c50_d32768_b1_dgg32_s2024_r005.json"
"c50_d32768_b1_dgg32_s2025_r001","50","32768","16384","1","dgg32","2025","1","PASS","0","0","0","0","1460.03","106971072","273792","1.594125","results/formal_v8/multiblock_scaling_paper/c50_d32768_b1_dgg32_s2025_r001.json"
"c50_d32768_b1_dgg32_s2025_r002","50","32768","16384","1","dgg32","2025","2","PASS","0","0","0","0","1542.53","106971072","273596","1.668119","results/formal_v8/multiblock_scaling_paper/c50_d32768_b1_dgg32_s2025_r002.json"
"c50_d32768_b1_dgg32_s2025_r003","50","32768","16384","1","dgg32","2025","3","PASS","0","0","0","0","1565.73","106971072","273788","1.715335","results/formal_v8/multiblock_scaling_paper/c50_d32768_b1_dgg32_s2025_r003.json"
"c50_d32768_b1_dgg32_s2025_r004","50","32768","16384","1","dgg32","2025","4","PASS","0","0","0","0","1457.39","106971072","273592","1.590268","results/formal_v8/multiblock_scaling_paper/c50_d32768_b1_dgg32_s2025_r004.json"
"c50_d32768_b1_dgg32_s2025_r005","50","32768","16384","1","dgg32","2025","5","PASS","0","0","0","0","1530.13","106971072","273788","1.666961","results/formal_v8/multiblock_scaling_paper/c50_d32768_b1_dgg32_s2025_r005.json"
"c50_d32768_b1_dgg32_s2026_r001","50","32768","16384","1","dgg32","2026","1","PASS","0","0","0","0","1550.01","106971072","273784","1.686208","results/formal_v8/multiblock_scaling_paper/c50_d32768_b1_dgg32_s2026_r001.json"
"c50_d32768_b1_dgg32_s2026_r002","50","32768","16384","1","dgg32","2026","2","PASS","0","0","0","0","1554.62","106971072","273780","1.703352","results/formal_v8/multiblock_scaling_paper/c50_d32768_b1_dgg32_s2026_r002.json"
"c50_d32768_b1_dgg32_s2026_r003","50","32768","16384","1","dgg32","2026","3","PASS","0","0","0","0","1459.89","106971072","273788","1.603164","results/formal_v8/multiblock_scaling_paper/c50_d32768_b1_dgg32_s2026_r003.json"
"c50_d32768_b1_dgg32_s2026_r004","50","32768","16384","1","dgg32","2026","4","PASS","0","0","0","0","1618.87","106971072","273788","1.735329","results/formal_v8/multiblock_scaling_paper/c50_d32768_b1_dgg32_s2026_r004.json"
"c50_d32768_b1_dgg32_s2026_r005","50","32768","16384","1","dgg32","2026","5","PASS","0","0","0","0","1562.25","106971072","273788","1.708656","results/formal_v8/multiblock_scaling_paper/c50_d32768_b1_dgg32_s2026_r005.json"
"c10_d32769_b2_dgg32_s2024_r001","10","32769","16384","2","dgg32","2024","1","PASS","0","0","0","0","607.211","46144384","63152","0.858305","results/formal_v8/multiblock_scaling_paper/c10_d32769_b2_dgg32_s2024_r001.json"
"c10_d32769_b2_dgg32_s2024_r002","10","32769","16384","2","dgg32","2024","2","PASS","0","0","0","0","667.428","46144384","63160","0.929091","results/formal_v8/multiblock_scaling_paper/c10_d32769_b2_dgg32_s2024_r002.json"
"c10_d32769_b2_dgg32_s2024_r003","10","32769","16384","2","dgg32","2024","3","PASS","0","0","0","0","651.795","46144384","63212","0.921897","results/formal_v8/multiblock_scaling_paper/c10_d32769_b2_dgg32_s2024_r003.json"
"c10_d32769_b2_dgg32_s2024_r004","10","32769","16384","2","dgg32","2024","4","PASS","0","0","0","0","622.006","46144384","63160","0.880223","results/formal_v8/multiblock_scaling_paper/c10_d32769_b2_dgg32_s2024_r004.json"
"c10_d32769_b2_dgg32_s2024_r005","10","32769","16384","2","dgg32","2024","5","PASS","0","0","0","0","680.8","46144384","63160","0.932121","results/formal_v8/multiblock_scaling_paper/c10_d32769_b2_dgg32_s2024_r005.json"
"c10_d32769_b2_dgg32_s2025_r001","10","32769","16384","2","dgg32","2025","1","PASS","0","0","0","0","654.78","46144384","63268","0.91729","results/formal_v8/multiblock_scaling_paper/c10_d32769_b2_dgg32_s2025_r001.json"
"c10_d32769_b2_dgg32_s2025_r002","10","32769","16384","2","dgg32","2025","2","PASS","0","0","0","0","627.844","46144384","63160","0.885882","results/formal_v8/multiblock_scaling_paper/c10_d32769_b2_dgg32_s2025_r002.json"
"c10_d32769_b2_dgg32_s2025_r003","10","32769","16384","2","dgg32","2025","3","PASS","0","0","0","0","650.921","46144384","63160","0.909683","results/formal_v8/multiblock_scaling_paper/c10_d32769_b2_dgg32_s2025_r003.json"
"c10_d32769_b2_dgg32_s2025_r004","10","32769","16384","2","dgg32","2025","4","PASS","0","0","0","0","625.777","46144384","63160","0.884043","results/formal_v8/multiblock_scaling_paper/c10_d32769_b2_dgg32_s2025_r004.json"
"c10_d32769_b2_dgg32_s2025_r005","10","32769","16384","2","dgg32","2025","5","PASS","0","0","0","0","644.381","46144384","63160","0.892017","results/formal_v8/multiblock_scaling_paper/c10_d32769_b2_dgg32_s2025_r005.json"
"c10_d32769_b2_dgg32_s2026_r001","10","32769","16384","2","dgg32","2026","1","PASS","0","0","0","0","661.279","46144384","63024","0.90957","results/formal_v8/multiblock_scaling_paper/c10_d32769_b2_dgg32_s2026_r001.json"
"c10_d32769_b2_dgg32_s2026_r002","10","32769","16384","2","dgg32","2026","2","PASS","0","0","0","0","638.264","46144384","63160","0.910709","results/formal_v8/multiblock_scaling_paper/c10_d32769_b2_dgg32_s2026_r002.json"
"c10_d32769_b2_dgg32_s2026_r003","10","32769","16384","2","dgg32","2026","3","PASS","0","0","0","0","670.494","46144384","63160","0.930878","results/formal_v8/multiblock_scaling_paper/c10_d32769_b2_dgg32_s2026_r003.json"
"c10_d32769_b2_dgg32_s2026_r004","10","32769","16384","2","dgg32","2026","4","PASS","0","0","0","0","627.219","46144384","63152","0.891064","results/formal_v8/multiblock_scaling_paper/c10_d32769_b2_dgg32_s2026_r004.json"
"c10_d32769_b2_dgg32_s2026_r005","10","32769","16384","2","dgg32","2026","5","PASS","0","0","0","0","630.009","46144384","63164","0.875591","results/formal_v8/multiblock_scaling_paper/c10_d32769_b2_dgg32_s2026_r005.json"
"c30_d32769_b2_dgg32_s2024_r001","30","32769","16384","2","dgg32","2024","1","PASS","0","0","0","0","1826.233","130043264","168372","2.07181","results/formal_v8/multiblock_scaling_paper/c30_d32769_b2_dgg32_s2024_r001.json"
"c30_d32769_b2_dgg32_s2024_r002","30","32769","16384","2","dgg32","2024","2","PASS","0","0","0","0","1852.518","130043264","168372","2.118535","results/formal_v8/multiblock_scaling_paper/c30_d32769_b2_dgg32_s2024_r002.json"
"c30_d32769_b2_dgg32_s2024_r003","30","32769","16384","2","dgg32","2024","3","PASS","0","0","0","0","1794.647","130043264","168368","2.035476","results/formal_v8/multiblock_scaling_paper/c30_d32769_b2_dgg32_s2024_r003.json"
"c30_d32769_b2_dgg32_s2024_r004","30","32769","16384","2","dgg32","2024","4","PASS","0","0","0","0","1811.759","130043264","168236","2.076976","results/formal_v8/multiblock_scaling_paper/c30_d32769_b2_dgg32_s2024_r004.json"
"c30_d32769_b2_dgg32_s2024_r005","30","32769","16384","2","dgg32","2024","5","PASS","0","0","0","0","1839.041","130043264","168376","2.102732","results/formal_v8/multiblock_scaling_paper/c30_d32769_b2_dgg32_s2024_r005.json"
"c30_d32769_b2_dgg32_s2025_r001","30","32769","16384","2","dgg32","2025","1","PASS","0","0","0","0","1824.614","130043264","168376","2.083058","results/formal_v8/multiblock_scaling_paper/c30_d32769_b2_dgg32_s2025_r001.json"
"c30_d32769_b2_dgg32_s2025_r002","30","32769","16384","2","dgg32","2025","2","PASS","0","0","0","0","1797.259","130043264","168376","2.038127","results/formal_v8/multiblock_scaling_paper/c30_d32769_b2_dgg32_s2025_r002.json"
"c30_d32769_b2_dgg32_s2025_r003","30","32769","16384","2","dgg32","2025","3","PASS","0","0","0","0","1893.521","130043264","168372","2.174482","results/formal_v8/multiblock_scaling_paper/c30_d32769_b2_dgg32_s2025_r003.json"
"c30_d32769_b2_dgg32_s2025_r004","30","32769","16384","2","dgg32","2025","4","PASS","0","0","0","0","1859.396","130043264","168376","2.113808","results/formal_v8/multiblock_scaling_paper/c30_d32769_b2_dgg32_s2025_r004.json"
"c30_d32769_b2_dgg32_s2025_r005","30","32769","16384","2","dgg32","2025","5","PASS","0","0","0","0","1786.735","130043264","168368","2.051434","results/formal_v8/multiblock_scaling_paper/c30_d32769_b2_dgg32_s2025_r005.json"
"c30_d32769_b2_dgg32_s2026_r001","30","32769","16384","2","dgg32","2026","1","PASS","0","0","0","0","1850.765","130043264","168372","2.123817","results/formal_v8/multiblock_scaling_paper/c30_d32769_b2_dgg32_s2026_r001.json"
"c30_d32769_b2_dgg32_s2026_r002","30","32769","16384","2","dgg32","2026","2","PASS","0","0","0","0","1798.982","130043264","168372","2.063661","results/formal_v8/multiblock_scaling_paper/c30_d32769_b2_dgg32_s2026_r002.json"
"c30_d32769_b2_dgg32_s2026_r003","30","32769","16384","2","dgg32","2026","3","PASS","0","0","0","0","1831.397","130043264","168368","2.088379","results/formal_v8/multiblock_scaling_paper/c30_d32769_b2_dgg32_s2026_r003.json"
"c30_d32769_b2_dgg32_s2026_r004","30","32769","16384","2","dgg32","2026","4","PASS","0","0","0","0","1859.032","130043264","168180","2.116537","results/formal_v8/multiblock_scaling_paper/c30_d32769_b2_dgg32_s2026_r004.json"
"c30_d32769_b2_dgg32_s2026_r005","30","32769","16384","2","dgg32","2026","5","PASS","0","0","0","0","1809.047","130043264","168376","2.061084","results/formal_v8/multiblock_scaling_paper/c30_d32769_b2_dgg32_s2026_r005.json"
"c50_d32769_b2_dgg32_s2024_r001","50","32769","16384","2","dgg32","2024","1","PASS","0","0","0","0","3134.21","213942144","273676","3.393499","results/formal_v8/multiblock_scaling_paper/c50_d32769_b2_dgg32_s2024_r001.json"
"c50_d32769_b2_dgg32_s2024_r002","50","32769","16384","2","dgg32","2024","2","PASS","0","0","0","0","3150.62","213942144","273524","3.420158","results/formal_v8/multiblock_scaling_paper/c50_d32769_b2_dgg32_s2024_r002.json"
"c50_d32769_b2_dgg32_s2024_r003","50","32769","16384","2","dgg32","2024","3","PASS","0","0","0","0","3102.53","213942144","273736","3.365587","results/formal_v8/multiblock_scaling_paper/c50_d32769_b2_dgg32_s2024_r003.json"
"c50_d32769_b2_dgg32_s2024_r004","50","32769","16384","2","dgg32","2024","4","PASS","0","0","0","0","3465.38","213942144","273792","3.765572","results/formal_v8/multiblock_scaling_paper/c50_d32769_b2_dgg32_s2024_r004.json"
"c50_d32769_b2_dgg32_s2024_r005","50","32769","16384","2","dgg32","2024","5","PASS","0","0","0","0","3084.68","213942144","273784","3.359337","results/formal_v8/multiblock_scaling_paper/c50_d32769_b2_dgg32_s2024_r005.json"
"c50_d32769_b2_dgg32_s2025_r001","50","32769","16384","2","dgg32","2025","1","PASS","0","0","0","0","2931.15","213942144","273784","3.190126","results/formal_v8/multiblock_scaling_paper/c50_d32769_b2_dgg32_s2025_r001.json"
"c50_d32769_b2_dgg32_s2025_r002","50","32769","16384","2","dgg32","2025","2","PASS","0","0","0","0","3124.93","213942144","273812","3.388413","results/formal_v8/multiblock_scaling_paper/c50_d32769_b2_dgg32_s2025_r002.json"
"c50_d32769_b2_dgg32_s2025_r003","50","32769","16384","2","dgg32","2025","3","PASS","0","0","0","0","3040.69","213942144","273784","3.349349","results/formal_v8/multiblock_scaling_paper/c50_d32769_b2_dgg32_s2025_r003.json"
"c50_d32769_b2_dgg32_s2025_r004","50","32769","16384","2","dgg32","2025","4","PASS","0","0","0","0","3018.31","213942144","273788","3.311728","results/formal_v8/multiblock_scaling_paper/c50_d32769_b2_dgg32_s2025_r004.json"
"c50_d32769_b2_dgg32_s2025_r005","50","32769","16384","2","dgg32","2025","5","PASS","0","0","0","0","3102.93","213942144","273788","3.378004","results/formal_v8/multiblock_scaling_paper/c50_d32769_b2_dgg32_s2025_r005.json"
"c50_d32769_b2_dgg32_s2026_r001","50","32769","16384","2","dgg32","2026","1","PASS","0","0","0","0","2986.17","213942144","273784","3.261968","results/formal_v8/multiblock_scaling_paper/c50_d32769_b2_dgg32_s2026_r001.json"
"c50_d32769_b2_dgg32_s2026_r002","50","32769","16384","2","dgg32","2026","2","PASS","0","0","0","0","3099.75","213942144","273732","3.366562","results/formal_v8/multiblock_scaling_paper/c50_d32769_b2_dgg32_s2026_r002.json"
"c50_d32769_b2_dgg32_s2026_r003","50","32769","16384","2","dgg32","2026","3","PASS","0","0","0","0","2964.41","213942144","273888","3.218697","results/formal_v8/multiblock_scaling_paper/c50_d32769_b2_dgg32_s2026_r003.json"
"c50_d32769_b2_dgg32_s2026_r004","50","32769","16384","2","dgg32","2026","4","PASS","0","0","0","0","3067.18","213942144","273784","3.331649","results/formal_v8/multiblock_scaling_paper/c50_d32769_b2_dgg32_s2026_r004.json"
"c50_d32769_b2_dgg32_s2026_r005","50","32769","16384","2","dgg32","2026","5","PASS","0","0","0","0","3005.2","213942144","273780","3.265249","results/formal_v8/multiblock_scaling_paper/c50_d32769_b2_dgg32_s2026_r005.json"
"c10_d65536_b2_dgg32_s2024_r001","10","65536","16384","2","dgg32","2024","1","PASS","0","0","0","0","672.545","46144384","63160","0.936506","results/formal_v8/multiblock_scaling_paper/c10_d65536_b2_dgg32_s2024_r001.json"
"c10_d65536_b2_dgg32_s2024_r002","10","65536","16384","2","dgg32","2024","2","PASS","0","0","0","0","734.496","46144384","63160","1.020047","results/formal_v8/multiblock_scaling_paper/c10_d65536_b2_dgg32_s2024_r002.json"
"c10_d65536_b2_dgg32_s2024_r003","10","65536","16384","2","dgg32","2024","3","PASS","0","0","0","0","671.002","46144384","63160","0.926281","results/formal_v8/multiblock_scaling_paper/c10_d65536_b2_dgg32_s2024_r003.json"
"c10_d65536_b2_dgg32_s2024_r004","10","65536","16384","2","dgg32","2024","4","PASS","0","0","0","0","625.668","46144384","63160","0.869473","results/formal_v8/multiblock_scaling_paper/c10_d65536_b2_dgg32_s2024_r004.json"
"c10_d65536_b2_dgg32_s2024_r005","10","65536","16384","2","dgg32","2024","5","PASS","0","0","0","0","662.57","46144384","63156","0.920966","results/formal_v8/multiblock_scaling_paper/c10_d65536_b2_dgg32_s2024_r005.json"
"c10_d65536_b2_dgg32_s2025_r001","10","65536","16384","2","dgg32","2025","1","PASS","0","0","0","0","647.495","46144384","63160","0.91029","results/formal_v8/multiblock_scaling_paper/c10_d65536_b2_dgg32_s2025_r001.json"
"c10_d65536_b2_dgg32_s2025_r002","10","65536","16384","2","dgg32","2025","2","PASS","0","0","0","0","689.454","46144384","63160","0.942052","results/formal_v8/multiblock_scaling_paper/c10_d65536_b2_dgg32_s2025_r002.json"
"c10_d65536_b2_dgg32_s2025_r003","10","65536","16384","2","dgg32","2025","3","PASS","0","0","0","0","651.299","46144384","63160","0.915226","results/formal_v8/multiblock_scaling_paper/c10_d65536_b2_dgg32_s2025_r003.json"
"c10_d65536_b2_dgg32_s2025_r004","10","65536","16384","2","dgg32","2025","4","PASS","0","0","0","0","679.858","46144384","63344","0.924673","results/formal_v8/multiblock_scaling_paper/c10_d65536_b2_dgg32_s2025_r004.json"
"c10_d65536_b2_dgg32_s2025_r005","10","65536","16384","2","dgg32","2025","5","PASS","0","0","0","0","622.633","46144384","63156","0.843167","results/formal_v8/multiblock_scaling_paper/c10_d65536_b2_dgg32_s2025_r005.json"
"c10_d65536_b2_dgg32_s2026_r001","10","65536","16384","2","dgg32","2026","1","PASS","0","0","0","0","621.305","46144384","63160","0.859298","results/formal_v8/multiblock_scaling_paper/c10_d65536_b2_dgg32_s2026_r001.json"
"c10_d65536_b2_dgg32_s2026_r002","10","65536","16384","2","dgg32","2026","2","PASS","0","0","0","0","630.613","46144384","63160","0.856134","results/formal_v8/multiblock_scaling_paper/c10_d65536_b2_dgg32_s2026_r002.json"
"c10_d65536_b2_dgg32_s2026_r003","10","65536","16384","2","dgg32","2026","3","PASS","0","0","0","0","642.326","46144384","63160","0.866633","results/formal_v8/multiblock_scaling_paper/c10_d65536_b2_dgg32_s2026_r003.json"
"c10_d65536_b2_dgg32_s2026_r004","10","65536","16384","2","dgg32","2026","4","PASS","0","0","0","0","648.918","46144384","63164","0.89417","results/formal_v8/multiblock_scaling_paper/c10_d65536_b2_dgg32_s2026_r004.json"
"c10_d65536_b2_dgg32_s2026_r005","10","65536","16384","2","dgg32","2026","5","PASS","0","0","0","0","650.837","46144384","63160","0.902003","results/formal_v8/multiblock_scaling_paper/c10_d65536_b2_dgg32_s2026_r005.json"
"c30_d65536_b2_dgg32_s2024_r001","30","65536","16384","2","dgg32","2024","1","PASS","0","0","0","0","1816.525","130043264","168376","2.064347","results/formal_v8/multiblock_scaling_paper/c30_d65536_b2_dgg32_s2024_r001.json"
"c30_d65536_b2_dgg32_s2024_r002","30","65536","16384","2","dgg32","2024","2","PASS","0","0","0","0","1795.708","130043264","168368","2.040677","results/formal_v8/multiblock_scaling_paper/c30_d65536_b2_dgg32_s2024_r002.json"
"c30_d65536_b2_dgg32_s2024_r003","30","65536","16384","2","dgg32","2024","3","PASS","0","0","0","0","1863.399","130043264","168376","2.121274","results/formal_v8/multiblock_scaling_paper/c30_d65536_b2_dgg32_s2024_r003.json"
"c30_d65536_b2_dgg32_s2024_r004","30","65536","16384","2","dgg32","2024","4","PASS","0","0","0","0","1856.847","130043264","168376","2.107088","results/formal_v8/multiblock_scaling_paper/c30_d65536_b2_dgg32_s2024_r004.json"
"c30_d65536_b2_dgg32_s2024_r005","30","65536","16384","2","dgg32","2024","5","PASS","0","0","0","0","1825.967","130043264","168368","2.07695","results/formal_v8/multiblock_scaling_paper/c30_d65536_b2_dgg32_s2024_r005.json"
"c30_d65536_b2_dgg32_s2025_r001","30","65536","16384","2","dgg32","2025","1","PASS","0","0","0","0","1803.482","130043264","168340","2.064084","results/formal_v8/multiblock_scaling_paper/c30_d65536_b2_dgg32_s2025_r001.json"
"c30_d65536_b2_dgg32_s2025_r002","30","65536","16384","2","dgg32","2025","2","PASS","0","0","0","0","1793.913","130043264","168452","2.048364","results/formal_v8/multiblock_scaling_paper/c30_d65536_b2_dgg32_s2025_r002.json"
"c30_d65536_b2_dgg32_s2025_r003","30","65536","16384","2","dgg32","2025","3","PASS","0","0","0","0","1780.85","130043264","168372","2.04871","results/formal_v8/multiblock_scaling_paper/c30_d65536_b2_dgg32_s2025_r003.json"
"c30_d65536_b2_dgg32_s2025_r004","30","65536","16384","2","dgg32","2025","4","PASS","0","0","0","0","1860.124","130043264","168372","2.10763","results/formal_v8/multiblock_scaling_paper/c30_d65536_b2_dgg32_s2025_r004.json"
"c30_d65536_b2_dgg32_s2025_r005","30","65536","16384","2","dgg32","2025","5","PASS","0","0","0","0","1822.503","130043264","168376","2.061993","results/formal_v8/multiblock_scaling_paper/c30_d65536_b2_dgg32_s2025_r005.json"
"c30_d65536_b2_dgg32_s2026_r001","30","65536","16384","2","dgg32","2026","1","PASS","0","0","0","0","1799.68","130043264","168372","2.057393","results/formal_v8/multiblock_scaling_paper/c30_d65536_b2_dgg32_s2026_r001.json"
"c30_d65536_b2_dgg32_s2026_r002","30","65536","16384","2","dgg32","2026","2","PASS","0","0","0","0","1875.92","130043264","168372","2.140918","results/formal_v8/multiblock_scaling_paper/c30_d65536_b2_dgg32_s2026_r002.json"
"c30_d65536_b2_dgg32_s2026_r003","30","65536","16384","2","dgg32","2026","3","PASS","0","0","0","0","1916.771","130043264","168556","2.179229","results/formal_v8/multiblock_scaling_paper/c30_d65536_b2_dgg32_s2026_r003.json"
"c30_d65536_b2_dgg32_s2026_r004","30","65536","16384","2","dgg32","2026","4","PASS","0","0","0","0","1830.752","130043264","168308","2.081796","results/formal_v8/multiblock_scaling_paper/c30_d65536_b2_dgg32_s2026_r004.json"
"c30_d65536_b2_dgg32_s2026_r005","30","65536","16384","2","dgg32","2026","5","PASS","0","0","0","0","1990.575","130043264","168556","2.264159","results/formal_v8/multiblock_scaling_paper/c30_d65536_b2_dgg32_s2026_r005.json"
"c50_d65536_b2_dgg32_s2024_r001","50","65536","16384","2","dgg32","2024","1","PASS","0","0","0","0","3157.51","213942144","273788","3.432441","results/formal_v8/multiblock_scaling_paper/c50_d65536_b2_dgg32_s2024_r001.json"
"c50_d65536_b2_dgg32_s2024_r002","50","65536","16384","2","dgg32","2024","2","PASS","0","0","0","0","3003.69","213942144","273784","3.251304","results/formal_v8/multiblock_scaling_paper/c50_d65536_b2_dgg32_s2024_r002.json"
"c50_d65536_b2_dgg32_s2024_r003","50","65536","16384","2","dgg32","2024","3","PASS","0","0","0","0","3101.7","213942144","273860","3.3862","results/formal_v8/multiblock_scaling_paper/c50_d65536_b2_dgg32_s2024_r003.json"
"c50_d65536_b2_dgg32_s2024_r004","50","65536","16384","2","dgg32","2024","4","PASS","0","0","0","0","3062.78","213942144","273788","3.359357","results/formal_v8/multiblock_scaling_paper/c50_d65536_b2_dgg32_s2024_r004.json"
"c50_d65536_b2_dgg32_s2024_r005","50","65536","16384","2","dgg32","2024","5","PASS","0","0","0","0","2980.66","213942144","273788","3.239106","results/formal_v8/multiblock_scaling_paper/c50_d65536_b2_dgg32_s2024_r005.json"
"c50_d65536_b2_dgg32_s2025_r001","50","65536","16384","2","dgg32","2025","1","PASS","0","0","0","0","3101.6","213942144","273788","3.389821","results/formal_v8/multiblock_scaling_paper/c50_d65536_b2_dgg32_s2025_r001.json"
"c50_d65536_b2_dgg32_s2025_r002","50","65536","16384","2","dgg32","2025","2","PASS","0","0","0","0","2962.16","213942144","273788","3.237448","results/formal_v8/multiblock_scaling_paper/c50_d65536_b2_dgg32_s2025_r002.json"
"c50_d65536_b2_dgg32_s2025_r003","50","65536","16384","2","dgg32","2025","3","PASS","0","0","0","0","3074.03","213942144","273784","3.33034","results/formal_v8/multiblock_scaling_paper/c50_d65536_b2_dgg32_s2025_r003.json"
"c50_d65536_b2_dgg32_s2025_r004","50","65536","16384","2","dgg32","2025","4","PASS","0","0","0","0","2963.81","213942144","273788","3.212765","results/formal_v8/multiblock_scaling_paper/c50_d65536_b2_dgg32_s2025_r004.json"
"c50_d65536_b2_dgg32_s2025_r005","50","65536","16384","2","dgg32","2025","5","PASS","0","0","0","0","2972.21","213942144","273788","3.221903","results/formal_v8/multiblock_scaling_paper/c50_d65536_b2_dgg32_s2025_r005.json"
"c50_d65536_b2_dgg32_s2026_r001","50","65536","16384","2","dgg32","2026","1","PASS","0","0","0","0","3074.84","213942144","273788","3.332923","results/formal_v8/multiblock_scaling_paper/c50_d65536_b2_dgg32_s2026_r001.json"
"c50_d65536_b2_dgg32_s2026_r002","50","65536","16384","2","dgg32","2026","2","PASS","0","0","0","0","3074.9","213942144","273788","3.336114","results/formal_v8/multiblock_scaling_paper/c50_d65536_b2_dgg32_s2026_r002.json"
"c50_d65536_b2_dgg32_s2026_r003","50","65536","16384","2","dgg32","2026","3","PASS","0","0","0","0","3170.72","213942144","273784","3.43529","results/formal_v8/multiblock_scaling_paper/c50_d65536_b2_dgg32_s2026_r003.json"
"c50_d65536_b2_dgg32_s2026_r004","50","65536","16384","2","dgg32","2026","4","PASS","0","0","0","0","3175.05","213942144","273788","3.461146","results/formal_v8/multiblock_scaling_paper/c50_d65536_b2_dgg32_s2026_r004.json"
"c50_d65536_b2_dgg32_s2026_r005","50","65536","16384","2","dgg32","2026","5","PASS","0","0","0","0","2999.16","213942144","273788","3.290256","results/formal_v8/multiblock_scaling_paper/c50_d65536_b2_dgg32_s2026_r005.json"
"c10_d131072_b4_dgg32_s2024_r001","10","131072","16384","4","dgg32","2024","1","PASS","0","0","0","0","1362.803","92288768","63160","1.8723","results/formal_v8/multiblock_scaling_paper/c10_d131072_b4_dgg32_s2024_r001.json"
"c10_d131072_b4_dgg32_s2024_r002","10","131072","16384","4","dgg32","2024","2","PASS","0","0","0","0","1280.503","92288768","63216","1.779824","results/formal_v8/multiblock_scaling_paper/c10_d131072_b4_dgg32_s2024_r002.json"
"c10_d131072_b4_dgg32_s2024_r003","10","131072","16384","4","dgg32","2024","3","PASS","0","0","0","0","1261.938","92288768","63164","1.766178","results/formal_v8/multiblock_scaling_paper/c10_d131072_b4_dgg32_s2024_r003.json"
"c10_d131072_b4_dgg32_s2024_r004","10","131072","16384","4","dgg32","2024","4","PASS","0","0","0","0","1286.176","92288768","63268","1.8095","results/formal_v8/multiblock_scaling_paper/c10_d131072_b4_dgg32_s2024_r004.json"
"c10_d131072_b4_dgg32_s2024_r005","10","131072","16384","4","dgg32","2024","5","PASS","0","0","0","0","1282.609","92288768","63164","1.770264","results/formal_v8/multiblock_scaling_paper/c10_d131072_b4_dgg32_s2024_r005.json"
"c10_d131072_b4_dgg32_s2025_r001","10","131072","16384","4","dgg32","2025","1","PASS","0","0","0","0","1288.817","92288768","63256","1.786192","results/formal_v8/multiblock_scaling_paper/c10_d131072_b4_dgg32_s2025_r001.json"
"c10_d131072_b4_dgg32_s2025_r002","10","131072","16384","4","dgg32","2025","2","PASS","0","0","0","0","1346.603","92288768","63328","1.838305","results/formal_v8/multiblock_scaling_paper/c10_d131072_b4_dgg32_s2025_r002.json"
"c10_d131072_b4_dgg32_s2025_r003","10","131072","16384","4","dgg32","2025","3","PASS","0","0","0","0","1267.656","92288768","63160","1.785726","results/formal_v8/multiblock_scaling_paper/c10_d131072_b4_dgg32_s2025_r003.json"
"c10_d131072_b4_dgg32_s2025_r004","10","131072","16384","4","dgg32","2025","4","PASS","0","0","0","0","1265.093","92288768","63160","1.792036","results/formal_v8/multiblock_scaling_paper/c10_d131072_b4_dgg32_s2025_r004.json"
"c10_d131072_b4_dgg32_s2025_r005","10","131072","16384","4","dgg32","2025","5","PASS","0","0","0","0","1309.102","92288768","63272","1.811679","results/formal_v8/multiblock_scaling_paper/c10_d131072_b4_dgg32_s2025_r005.json"
"c10_d131072_b4_dgg32_s2026_r001","10","131072","16384","4","dgg32","2026","1","PASS","0","0","0","0","1274.741","92288768","63288","1.769283","results/formal_v8/multiblock_scaling_paper/c10_d131072_b4_dgg32_s2026_r001.json"
"c10_d131072_b4_dgg32_s2026_r002","10","131072","16384","4","dgg32","2026","2","PASS","0","0","0","0","1290.194","92288768","63160","1.761496","results/formal_v8/multiblock_scaling_paper/c10_d131072_b4_dgg32_s2026_r002.json"
"c10_d131072_b4_dgg32_s2026_r003","10","131072","16384","4","dgg32","2026","3","PASS","0","0","0","0","1282.702","92288768","63196","1.783616","results/formal_v8/multiblock_scaling_paper/c10_d131072_b4_dgg32_s2026_r003.json"
"c10_d131072_b4_dgg32_s2026_r004","10","131072","16384","4","dgg32","2026","4","PASS","0","0","0","0","1274.31","92288768","63160","1.766188","results/formal_v8/multiblock_scaling_paper/c10_d131072_b4_dgg32_s2026_r004.json"
"c10_d131072_b4_dgg32_s2026_r005","10","131072","16384","4","dgg32","2026","5","PASS","0","0","0","0","1248.846","92288768","63268","1.698652","results/formal_v8/multiblock_scaling_paper/c10_d131072_b4_dgg32_s2026_r005.json"
"c30_d131072_b4_dgg32_s2024_r001","30","131072","16384","4","dgg32","2024","1","PASS","0","0","0","0","3711.315","260086528","168368","4.227588","results/formal_v8/multiblock_scaling_paper/c30_d131072_b4_dgg32_s2024_r001.json"
"c30_d131072_b4_dgg32_s2024_r002","30","131072","16384","4","dgg32","2024","2","PASS","0","0","0","0","3653.058","260086528","168372","4.169453","results/formal_v8/multiblock_scaling_paper/c30_d131072_b4_dgg32_s2024_r002.json"
"c30_d131072_b4_dgg32_s2024_r003","30","131072","16384","4","dgg32","2024","3","PASS","0","0","0","0","3759.81","260086528","168496","4.288397","results/formal_v8/multiblock_scaling_paper/c30_d131072_b4_dgg32_s2024_r003.json"
"c30_d131072_b4_dgg32_s2024_r004","30","131072","16384","4","dgg32","2024","4","PASS","0","0","0","0","3893.29","260086528","168376","4.429314","results/formal_v8/multiblock_scaling_paper/c30_d131072_b4_dgg32_s2024_r004.json"
"c30_d131072_b4_dgg32_s2024_r005","30","131072","16384","4","dgg32","2024","5","PASS","0","0","0","0","3797.241","260086528","168372","4.305507","results/formal_v8/multiblock_scaling_paper/c30_d131072_b4_dgg32_s2024_r005.json"
"c30_d131072_b4_dgg32_s2025_r001","30","131072","16384","4","dgg32","2025","1","PASS","0","0","0","0","3707.944","260086528","168408","4.210249","results/formal_v8/multiblock_scaling_paper/c30_d131072_b4_dgg32_s2025_r001.json"
"c30_d131072_b4_dgg32_s2025_r002","30","131072","16384","4","dgg32","2025","2","PASS","0","0","0","0","3689.67","260086528","168368","4.25189","results/formal_v8/multiblock_scaling_paper/c30_d131072_b4_dgg32_s2025_r002.json"
"c30_d131072_b4_dgg32_s2025_r003","30","131072","16384","4","dgg32","2025","3","PASS","0","0","0","0","3736.109","260086528","168372","4.242897","results/formal_v8/multiblock_scaling_paper/c30_d131072_b4_dgg32_s2025_r003.json"
"c30_d131072_b4_dgg32_s2025_r004","30","131072","16384","4","dgg32","2025","4","PASS","0","0","0","0","3622.993","260086528","168452","4.147679","results/formal_v8/multiblock_scaling_paper/c30_d131072_b4_dgg32_s2025_r004.json"
"c30_d131072_b4_dgg32_s2025_r005","30","131072","16384","4","dgg32","2025","5","PASS","0","0","0","0","3702.73","260086528","168372","4.219758","results/formal_v8/multiblock_scaling_paper/c30_d131072_b4_dgg32_s2025_r005.json"
"c30_d131072_b4_dgg32_s2026_r001","30","131072","16384","4","dgg32","2026","1","PASS","0","0","0","0","3637.483","260086528","168376","4.15589","results/formal_v8/multiblock_scaling_paper/c30_d131072_b4_dgg32_s2026_r001.json"
"c30_d131072_b4_dgg32_s2026_r002","30","131072","16384","4","dgg32","2026","2","PASS","0","0","0","0","3723.19","260086528","168372","4.233958","results/formal_v8/multiblock_scaling_paper/c30_d131072_b4_dgg32_s2026_r002.json"
"c30_d131072_b4_dgg32_s2026_r003","30","131072","16384","4","dgg32","2026","3","PASS","0","0","0","0","3704.26","260086528","168372","4.212087","results/formal_v8/multiblock_scaling_paper/c30_d131072_b4_dgg32_s2026_r003.json"
"c30_d131072_b4_dgg32_s2026_r004","30","131072","16384","4","dgg32","2026","4","PASS","0","0","0","0","3726.924","260086528","168372","4.230364","results/formal_v8/multiblock_scaling_paper/c30_d131072_b4_dgg32_s2026_r004.json"
"c30_d131072_b4_dgg32_s2026_r005","30","131072","16384","4","dgg32","2026","5","PASS","0","0","0","0","3677.195","260086528","168376","4.208291","results/formal_v8/multiblock_scaling_paper/c30_d131072_b4_dgg32_s2026_r005.json"
"c50_d131072_b4_dgg32_s2024_r001","50","131072","16384","4","dgg32","2024","1","PASS","0","0","0","0","6148.81","427884288","273788","6.679383","results/formal_v8/multiblock_scaling_paper/c50_d131072_b4_dgg32_s2024_r001.json"
"c50_d131072_b4_dgg32_s2024_r002","50","131072","16384","4","dgg32","2024","2","PASS","0","0","0","0","6189.37","427884288","273788","6.707817","results/formal_v8/multiblock_scaling_paper/c50_d131072_b4_dgg32_s2024_r002.json"
"c50_d131072_b4_dgg32_s2024_r003","50","131072","16384","4","dgg32","2024","3","PASS","0","0","0","0","6221.26","427884288","273788","6.741134","results/formal_v8/multiblock_scaling_paper/c50_d131072_b4_dgg32_s2024_r003.json"
"c50_d131072_b4_dgg32_s2024_r004","50","131072","16384","4","dgg32","2024","4","PASS","0","0","0","0","6118.61","427884288","273784","6.632331","results/formal_v8/multiblock_scaling_paper/c50_d131072_b4_dgg32_s2024_r004.json"
"c50_d131072_b4_dgg32_s2024_r005","50","131072","16384","4","dgg32","2024","5","PASS","0","0","0","0","6133.61","427884288","273792","6.679391","results/formal_v8/multiblock_scaling_paper/c50_d131072_b4_dgg32_s2024_r005.json"
"c50_d131072_b4_dgg32_s2025_r001","50","131072","16384","4","dgg32","2025","1","PASS","0","0","0","0","6249.29","427884288","273804","6.753381","results/formal_v8/multiblock_scaling_paper/c50_d131072_b4_dgg32_s2025_r001.json"
"c50_d131072_b4_dgg32_s2025_r002","50","131072","16384","4","dgg32","2025","2","PASS","0","0","0","0","6297.51","427884288","273788","6.84372","results/formal_v8/multiblock_scaling_paper/c50_d131072_b4_dgg32_s2025_r002.json"
"c50_d131072_b4_dgg32_s2025_r003","50","131072","16384","4","dgg32","2025","3","PASS","0","0","0","0","6119.16","427884288","273788","6.661012","results/formal_v8/multiblock_scaling_paper/c50_d131072_b4_dgg32_s2025_r003.json"
"c50_d131072_b4_dgg32_s2025_r004","50","131072","16384","4","dgg32","2025","4","PASS","0","0","0","0","6197.46","427884288","273792","6.749537","results/formal_v8/multiblock_scaling_paper/c50_d131072_b4_dgg32_s2025_r004.json"
"c50_d131072_b4_dgg32_s2025_r005","50","131072","16384","4","dgg32","2025","5","PASS","0","0","0","0","6206.59","427884288","273788","6.744584","results/formal_v8/multiblock_scaling_paper/c50_d131072_b4_dgg32_s2025_r005.json"
"c50_d131072_b4_dgg32_s2026_r001","50","131072","16384","4","dgg32","2026","1","PASS","0","0","0","0","6078.38","427884288","273788","6.585301","results/formal_v8/multiblock_scaling_paper/c50_d131072_b4_dgg32_s2026_r001.json"
"c50_d131072_b4_dgg32_s2026_r002","50","131072","16384","4","dgg32","2026","2","PASS","0","0","0","0","6197.53","427884288","273788","6.717908","results/formal_v8/multiblock_scaling_paper/c50_d131072_b4_dgg32_s2026_r002.json"
"c50_d131072_b4_dgg32_s2026_r003","50","131072","16384","4","dgg32","2026","3","PASS","0","0","0","0","6048.9","427884288","273972","6.569389","results/formal_v8/multiblock_scaling_paper/c50_d131072_b4_dgg32_s2026_r003.json"
"c50_d131072_b4_dgg32_s2026_r004","50","131072","16384","4","dgg32","2026","4","PASS","0","0","0","0","6275.86","427884288","273788","6.802272","results/formal_v8/multiblock_scaling_paper/c50_d131072_b4_dgg32_s2026_r004.json"
"c50_d131072_b4_dgg32_s2026_r005","50","131072","16384","4","dgg32","2026","5","PASS","0","0","0","0","6232.78","427884288","273912","6.769107","results/formal_v8/multiblock_scaling_paper/c50_d131072_b4_dgg32_s2026_r005.json"
