"case_id","clients","dimension","noise","seed","repetition","status","encoded_plaintext_diff_linf","encoded_plaintext_mismatch_count","q_domain_diff_linf","q_domain_mismatch_count","total_ms","total_bytes","wrapper_elapsed_seconds","result_file"
"c5_d784_dgg32_s2024_r001","5","784","dgg32","2024","1","PASS","0","0","0","0","249.476","12584832","3.907671","results/formal_v8/scalability/retry1/c5_d784_dgg32_s2024_r001.json"
"c5_d784_dgg32_s2024_r002","5","784","dgg32","2024","2","PASS","0","0","0","0","251.308","12584832","0.398672","results/formal_v8/scalability/retry1/c5_d784_dgg32_s2024_r002.json"
"c5_d784_dgg32_s2024_r003","5","784","dgg32","2024","3","PASS","0","0","0","0","282.822","12584832","0.441464","results/formal_v8/scalability/retry1/c5_d784_dgg32_s2024_r003.json"
"c5_d784_dgg32_s2024_r004","5","784","dgg32","2024","4","PASS","0","0","0","0","230.508","12584832","0.378808","results/formal_v8/scalability/retry1/c5_d784_dgg32_s2024_r004.json"
"c5_d784_dgg32_s2024_r005","5","784","dgg32","2024","5","PASS","0","0","0","0","238.169","12584832","0.380991","results/formal_v8/scalability/retry1/c5_d784_dgg32_s2024_r005.json"
"c5_d784_dgg32_s2025_r001","5","784","dgg32","2025","1","PASS","0","0","0","0","294.298","12584832","0.445906","results/formal_v8/scalability/retry1/c5_d784_dgg32_s2025_r001.json"
"c5_d784_dgg32_s2025_r002","5","784","dgg32","2025","2","PASS","0","0","0","0","223.694","12584832","0.37379","results/formal_v8/scalability/retry1/c5_d784_dgg32_s2025_r002.json"
"c5_d784_dgg32_s2025_r003","5","784","dgg32","2025","3","PASS","0","0","0","0","256.508","12584832","0.409566","results/formal_v8/scalability/retry1/c5_d784_dgg32_s2025_r003.json"
"c5_d784_dgg32_s2025_r004","5","784","dgg32","2025","4","PASS","0","0","0","0","265.101","12584832","0.422844","results/formal_v8/scalability/retry1/c5_d784_dgg32_s2025_r004.json"
"c5_d784_dgg32_s2025_r005","5","784","dgg32","2025","5","PASS","0","0","0","0","254.268","12584832","0.409013","results/formal_v8/scalability/retry1/c5_d784_dgg32_s2025_r005.json"
"c5_d784_dgg32_s2026_r001","5","784","dgg32","2026","1","PASS","0","0","0","0","252.903","12584832","0.429174","results/formal_v8/scalability/retry1/c5_d784_dgg32_s2026_r001.json"
"c5_d784_dgg32_s2026_r002","5","784","dgg32","2026","2","PASS","0","0","0","0","239.417","12584832","0.393324","results/formal_v8/scalability/retry1/c5_d784_dgg32_s2026_r002.json"
"c5_d784_dgg32_s2026_r003","5","784","dgg32","2026","3","PASS","0","0","0","0","242.365","12584832","0.398521","results/formal_v8/scalability/retry1/c5_d784_dgg32_s2026_r003.json"
"c5_d784_dgg32_s2026_r004","5","784","dgg32","2026","4","PASS","0","0","0","0","304.377","12584832","0.465634","results/formal_v8/scalability/retry1/c5_d784_dgg32_s2026_r004.json"
"c5_d784_dgg32_s2026_r005","5","784","dgg32","2026","5","PASS","0","0","0","0","287.666","12584832","0.455739","results/formal_v8/scalability/retry1/c5_d784_dgg32_s2026_r005.json"
"c10_d784_dgg32_s2024_r001","10","784","dgg32","2024","1","PASS","0","0","0","0","474.145","23072192","0.624564","results/formal_v8/scalability/retry1/c10_d784_dgg32_s2024_r001.json"
"c10_d784_dgg32_s2024_r002","10","784","dgg32","2024","2","PASS","0","0","0","0","442.7","23072192","0.593474","results/formal_v8/scalability/retry1/c10_d784_dgg32_s2024_r002.json"
"c10_d784_dgg32_s2024_r003","10","784","dgg32","2024","3","PASS","0","0","0","0","492.356","23072192","0.653888","results/formal_v8/scalability/retry1/c10_d784_dgg32_s2024_r003.json"
"c10_d784_dgg32_s2024_r004","10","784","dgg32","2024","4","PASS","0","0","0","0","493.3","23072192","0.648575","results/formal_v8/scalability/retry1/c10_d784_dgg32_s2024_r004.json"
"c10_d784_dgg32_s2024_r005","10","784","dgg32","2024","5","PASS","0","0","0","0","456.587","23072192","0.597119","results/formal_v8/scalability/retry1/c10_d784_dgg32_s2024_r005.json"
"c10_d784_dgg32_s2025_r001","10","784","dgg32","2025","1","PASS","0","0","0","0","433.497","23072192","0.578388","results/formal_v8/scalability/retry1/c10_d784_dgg32_s2025_r001.json"
"c10_d784_dgg32_s2025_r002","10","784","dgg32","2025","2","PASS","0","0","0","0","428.376","23072192","0.575245","results/formal_v8/scalability/retry1/c10_d784_dgg32_s2025_r002.json"
"c10_d784_dgg32_s2025_r003","10","784","dgg32","2025","3","PASS","0","0","0","0","485.722","23072192","0.640249","results/formal_v8/scalability/retry1/c10_d784_dgg32_s2025_r003.json"
"c10_d784_dgg32_s2025_r004","10","784","dgg32","2025","4","PASS","0","0","0","0","435.085","23072192","0.58158","results/formal_v8/scalability/retry1/c10_d784_dgg32_s2025_r004.json"
"c10_d784_dgg32_s2025_r005","10","784","dgg32","2025","5","PASS","0","0","0","0","476.886","23072192","0.625894","results/formal_v8/scalability/retry1/c10_d784_dgg32_s2025_r005.json"
"c10_d784_dgg32_s2026_r001","10","784","dgg32","2026","1","PASS","0","0","0","0","459.043","23072192","0.607024","results/formal_v8/scalability/retry1/c10_d784_dgg32_s2026_r001.json"
"c10_d784_dgg32_s2026_r002","10","784","dgg32","2026","2","PASS","0","0","0","0","452.103","23072192","0.609801","results/formal_v8/scalability/retry1/c10_d784_dgg32_s2026_r002.json"
"c10_d784_dgg32_s2026_r003","10","784","dgg32","2026","3","PASS","0","0","0","0","447.412","23072192","0.600839","results/formal_v8/scalability/retry1/c10_d784_dgg32_s2026_r003.json"
"c10_d784_dgg32_s2026_r004","10","784","dgg32","2026","4","PASS","0","0","0","0","462.882","23072192","0.615404","results/formal_v8/scalability/retry1/c10_d784_dgg32_s2026_r004.json"
"c10_d784_dgg32_s2026_r005","10","784","dgg32","2026","5","PASS","0","0","0","0","454.806","23072192","0.617608","results/formal_v8/scalability/retry1/c10_d784_dgg32_s2026_r005.json"
"c20_d784_dgg32_s2024_r001","20","784","dgg32","2024","1","PASS","0","0","0","0","905.076","44046912","1.072032","results/formal_v8/scalability/retry1/c20_d784_dgg32_s2024_r001.json"
"c20_d784_dgg32_s2024_r002","20","784","dgg32","2024","2","PASS","0","0","0","0","889.355","44046912","1.037658","results/formal_v8/scalability/retry1/c20_d784_dgg32_s2024_r002.json"
"c20_d784_dgg32_s2024_r003","20","784","dgg32","2024","3","PASS","0","0","0","0","852.698","44046912","0.99812","results/formal_v8/scalability/retry1/c20_d784_dgg32_s2024_r003.json"
"c20_d784_dgg32_s2024_r004","20","784","dgg32","2024","4","PASS","0","0","0","0","851.263","44046912","1.000047","results/formal_v8/scalability/retry1/c20_d784_dgg32_s2024_r004.json"
"c20_d784_dgg32_s2024_r005","20","784","dgg32","2024","5","PASS","0","0","0","0","849.846","44046912","0.995931","results/formal_v8/scalability/retry1/c20_d784_dgg32_s2024_r005.json"
"c20_d784_dgg32_s2025_r001","20","784","dgg32","2025","1","PASS","0","0","0","0","879.817","44046912","1.035231","results/formal_v8/scalability/retry1/c20_d784_dgg32_s2025_r001.json"
"c20_d784_dgg32_s2025_r002","20","784","dgg32","2025","2","PASS","0","0","0","0","868.145","44046912","1.029306","results/formal_v8/scalability/retry1/c20_d784_dgg32_s2025_r002.json"
"c20_d784_dgg32_s2025_r003","20","784","dgg32","2025","3","PASS","0","0","0","0","824.5","44046912","0.986355","results/formal_v8/scalability/retry1/c20_d784_dgg32_s2025_r003.json"
"c20_d784_dgg32_s2025_r004","20","784","dgg32","2025","4","PASS","0","0","0","0","845.796","44046912","0.99537","results/formal_v8/scalability/retry1/c20_d784_dgg32_s2025_r004.json"
"c20_d784_dgg32_s2025_r005","20","784","dgg32","2025","5","PASS","0","0","0","0","838.302","44046912","0.987897","results/formal_v8/scalability/retry1/c20_d784_dgg32_s2025_r005.json"
"c20_d784_dgg32_s2026_r001","20","784","dgg32","2026","1","PASS","0","0","0","0","920.956","44046912","1.081369","results/formal_v8/scalability/retry1/c20_d784_dgg32_s2026_r001.json"
"c20_d784_dgg32_s2026_r002","20","784","dgg32","2026","2","PASS","0","0","0","0","874.962","44046912","1.025804","results/formal_v8/scalability/retry1/c20_d784_dgg32_s2026_r002.json"
"c20_d784_dgg32_s2026_r003","20","784","dgg32","2026","3","PASS","0","0","0","0","887.757","44046912","1.05079","results/formal_v8/scalability/retry1/c20_d784_dgg32_s2026_r003.json"
"c20_d784_dgg32_s2026_r004","20","784","dgg32","2026","4","PASS","0","0","0","0","871.845","44046912","1.041765","results/formal_v8/scalability/retry1/c20_d784_dgg32_s2026_r004.json"
"c20_d784_dgg32_s2026_r005","20","784","dgg32","2026","5","PASS","0","0","0","0","910.251","44046912","1.061098","results/formal_v8/scalability/retry1/c20_d784_dgg32_s2026_r005.json"
"c30_d784_dgg32_s2024_r001","30","784","dgg32","2024","1","PASS","0","0","0","0","1224","65021632","1.371462","results/formal_v8/scalability/retry1/c30_d784_dgg32_s2024_r001.json"
"c30_d784_dgg32_s2024_r002","30","784","dgg32","2024","2","PASS","0","0","0","0","1288.18","65021632","1.436042","results/formal_v8/scalability/retry1/c30_d784_dgg32_s2024_r002.json"
"c30_d784_dgg32_s2024_r003","30","784","dgg32","2024","3","PASS","0","0","0","0","1196.49","65021632","1.354702","results/formal_v8/scalability/retry1/c30_d784_dgg32_s2024_r003.json"
"c30_d784_dgg32_s2024_r004","30","784","dgg32","2024","4","PASS","0","0","0","0","1176.09","65021632","1.331028","results/formal_v8/scalability/retry1/c30_d784_dgg32_s2024_r004.json"
"c30_d784_dgg32_s2024_r005","30","784","dgg32","2024","5","PASS","0","0","0","0","1323.44","65021632","1.475354","results/formal_v8/scalability/retry1/c30_d784_dgg32_s2024_r005.json"
"c30_d784_dgg32_s2025_r001","30","784","dgg32","2025","1","PASS","0","0","0","0","1260.3","65021632","1.423504","results/formal_v8/scalability/retry1/c30_d784_dgg32_s2025_r001.json"
"c30_d784_dgg32_s2025_r002","30","784","dgg32","2025","2","PASS","0","0","0","0","1217.26","65021632","1.375143","results/formal_v8/scalability/retry1/c30_d784_dgg32_s2025_r002.json"
"c30_d784_dgg32_s2025_r003","30","784","dgg32","2025","3","PASS","0","0","0","0","1266.11","65021632","1.413209","results/formal_v8/scalability/retry1/c30_d784_dgg32_s2025_r003.json"
"c30_d784_dgg32_s2025_r004","30","784","dgg32","2025","4","PASS","0","0","0","0","1332.44","65021632","1.489424","results/formal_v8/scalability/retry1/c30_d784_dgg32_s2025_r004.json"
"c30_d784_dgg32_s2025_r005","30","784","dgg32","2025","5","PASS","0","0","0","0","1406.87","65021632","1.560909","results/formal_v8/scalability/retry1/c30_d784_dgg32_s2025_r005.json"
"c30_d784_dgg32_s2026_r001","30","784","dgg32","2026","1","PASS","0","0","0","0","1177.86","65021632","1.349432","results/formal_v8/scalability/retry1/c30_d784_dgg32_s2026_r001.json"
"c30_d784_dgg32_s2026_r002","30","784","dgg32","2026","2","PASS","0","0","0","0","1289.11","65021632","1.42426","results/formal_v8/scalability/retry1/c30_d784_dgg32_s2026_r002.json"
"c30_d784_dgg32_s2026_r003","30","784","dgg32","2026","3","PASS","0","0","0","0","1272.02","65021632","1.411813","results/formal_v8/scalability/retry1/c30_d784_dgg32_s2026_r003.json"
"c30_d784_dgg32_s2026_r004","30","784","dgg32","2026","4","PASS","0","0","0","0","1197.3","65021632","1.348102","results/formal_v8/scalability/retry1/c30_d784_dgg32_s2026_r004.json"
"c30_d784_dgg32_s2026_r005","30","784","dgg32","2026","5","PASS","0","0","0","0","1332.48","65021632","1.492413","results/formal_v8/scalability/retry1/c30_d784_dgg32_s2026_r005.json"
"c50_d784_dgg32_s2024_r001","50","784","dgg32","2024","1","PASS","0","0","0","0","2245.09","106971072","2.416475","results/formal_v8/scalability/retry1/c50_d784_dgg32_s2024_r001.json"
"c50_d784_dgg32_s2024_r002","50","784","dgg32","2024","2","PASS","0","0","0","0","2229.87","106971072","2.404195","results/formal_v8/scalability/retry1/c50_d784_dgg32_s2024_r002.json"
"c50_d784_dgg32_s2024_r003","50","784","dgg32","2024","3","PASS","0","0","0","0","2348.61","106971072","2.532285","results/formal_v8/scalability/retry1/c50_d784_dgg32_s2024_r003.json"
"c50_d784_dgg32_s2024_r004","50","784","dgg32","2024","4","PASS","0","0","0","0","2244.55","106971072","2.40878","results/formal_v8/scalability/retry1/c50_d784_dgg32_s2024_r004.json"
"c50_d784_dgg32_s2024_r005","50","784","dgg32","2024","5","PASS","0","0","0","0","2427.75","106971072","2.601074","results/formal_v8/scalability/retry1/c50_d784_dgg32_s2024_r005.json"
"c50_d784_dgg32_s2025_r001","50","784","dgg32","2025","1","PASS","0","0","0","0","2201.49","106971072","2.366","results/formal_v8/scalability/retry1/c50_d784_dgg32_s2025_r001.json"
"c50_d784_dgg32_s2025_r002","50","784","dgg32","2025","2","PASS","0","0","0","0","1933.18","106971072","2.097279","results/formal_v8/scalability/retry1/c50_d784_dgg32_s2025_r002.json"
"c50_d784_dgg32_s2025_r003","50","784","dgg32","2025","3","PASS","0","0","0","0","2045.34","106971072","2.203025","results/formal_v8/scalability/retry1/c50_d784_dgg32_s2025_r003.json"
"c50_d784_dgg32_s2025_r004","50","784","dgg32","2025","4","PASS","0","0","0","0","1952.41","106971072","2.102688","results/formal_v8/scalability/retry1/c50_d784_dgg32_s2025_r004.json"
"c50_d784_dgg32_s2025_r005","50","784","dgg32","2025","5","PASS","0","0","0","0","2057.78","106971072","2.203435","results/formal_v8/scalability/retry1/c50_d784_dgg32_s2025_r005.json"
"c50_d784_dgg32_s2026_r001","50","784","dgg32","2026","1","PASS","0","0","0","0","2149.72","106971072","2.300682","results/formal_v8/scalability/retry1/c50_d784_dgg32_s2026_r001.json"
"c50_d784_dgg32_s2026_r002","50","784","dgg32","2026","2","PASS","0","0","0","0","2021.01","106971072","2.190048","results/formal_v8/scalability/retry1/c50_d784_dgg32_s2026_r002.json"
"c50_d784_dgg32_s2026_r003","50","784","dgg32","2026","3","PASS","0","0","0","0","1934.18","106971072","2.082019","results/formal_v8/scalability/retry1/c50_d784_dgg32_s2026_r003.json"
"c50_d784_dgg32_s2026_r004","50","784","dgg32","2026","4","PASS","0","0","0","0","2022.87","106971072","2.192418","results/formal_v8/scalability/retry1/c50_d784_dgg32_s2026_r004.json"
"c50_d784_dgg32_s2026_r005","50","784","dgg32","2026","5","PASS","0","0","0","0","2026.74","106971072","2.178115","results/formal_v8/scalability/retry1/c50_d784_dgg32_s2026_r005.json"
"c5_d3072_dgg32_s2024_r001","5","3072","dgg32","2024","1","PASS","0","0","0","0","262.936","12584832","0.408506","results/formal_v8/scalability/retry1/c5_d3072_dgg32_s2024_r001.json"
"c5_d3072_dgg32_s2024_r002","5","3072","dgg32","2024","2","PASS","0","0","0","0","270.717","12584832","0.435829","results/formal_v8/scalability/retry1/c5_d3072_dgg32_s2024_r002.json"
"c5_d3072_dgg32_s2024_r003","5","3072","dgg32","2024","3","PASS","0","0","0","0","229.956","12584832","0.385867","results/formal_v8/scalability/retry1/c5_d3072_dgg32_s2024_r003.json"
"c5_d3072_dgg32_s2024_r004","5","3072","dgg32","2024","4","PASS","0","0","0","0","263.564","12584832","0.414288","results/formal_v8/scalability/retry1/c5_d3072_dgg32_s2024_r004.json"
"c5_d3072_dgg32_s2024_r005","5","3072","dgg32","2024","5","PASS","0","0","0","0","253.223","12584832","0.430712","results/formal_v8/scalability/retry1/c5_d3072_dgg32_s2024_r005.json"
"c5_d3072_dgg32_s2025_r001","5","3072","dgg32","2025","1","PASS","0","0","0","0","256.108","12584832","0.392728","results/formal_v8/scalability/retry1/c5_d3072_dgg32_s2025_r001.json"
"c5_d3072_dgg32_s2025_r002","5","3072","dgg32","2025","2","PASS","0","0","0","0","244.098","12584832","0.388434","results/formal_v8/scalability/retry1/c5_d3072_dgg32_s2025_r002.json"
"c5_d3072_dgg32_s2025_r003","5","3072","dgg32","2025","3","PASS","0","0","0","0","263.234","12584832","0.431104","results/formal_v8/scalability/retry1/c5_d3072_dgg32_s2025_r003.json"
"c5_d3072_dgg32_s2025_r004","5","3072","dgg32","2025","4","PASS","0","0","0","0","258.426","12584832","0.42544","results/formal_v8/scalability/retry1/c5_d3072_dgg32_s2025_r004.json"
"c5_d3072_dgg32_s2025_r005","5","3072","dgg32","2025","5","PASS","0","0","0","0","255.596","12584832","0.403924","results/formal_v8/scalability/retry1/c5_d3072_dgg32_s2025_r005.json"
"c5_d3072_dgg32_s2026_r001","5","3072","dgg32","2026","1","PASS","0","0","0","0","249.502","12584832","0.396229","results/formal_v8/scalability/retry1/c5_d3072_dgg32_s2026_r001.json"
"c5_d3072_dgg32_s2026_r002","5","3072","dgg32","2026","2","PASS","0","0","0","0","236.213","12584832","0.387433","results/formal_v8/scalability/retry1/c5_d3072_dgg32_s2026_r002.json"
"c5_d3072_dgg32_s2026_r003","5","3072","dgg32","2026","3","PASS","0","0","0","0","219.375","12584832","0.360844","results/formal_v8/scalability/retry1/c5_d3072_dgg32_s2026_r003.json"
"c5_d3072_dgg32_s2026_r004","5","3072","dgg32","2026","4","PASS","0","0","0","0","249.801","12584832","0.379645","results/formal_v8/scalability/retry1/c5_d3072_dgg32_s2026_r004.json"
"c5_d3072_dgg32_s2026_r005","5","3072","dgg32","2026","5","PASS","0","0","0","0","249.727","12584832","0.406834","results/formal_v8/scalability/retry1/c5_d3072_dgg32_s2026_r005.json"
"c10_d3072_dgg32_s2024_r001","10","3072","dgg32","2024","1","PASS","0","0","0","0","482.442","23072192","0.650755","results/formal_v8/scalability/retry1/c10_d3072_dgg32_s2024_r001.json"
"c10_d3072_dgg32_s2024_r002","10","3072","dgg32","2024","2","PASS","0","0","0","0","486.346","23072192","0.627978","results/formal_v8/scalability/retry1/c10_d3072_dgg32_s2024_r002.json"
"c10_d3072_dgg32_s2024_r003","10","3072","dgg32","2024","3","PASS","0","0","0","0","521.219","23072192","0.689554","results/formal_v8/scalability/retry1/c10_d3072_dgg32_s2024_r003.json"
"c10_d3072_dgg32_s2024_r004","10","3072","dgg32","2024","4","PASS","0","0","0","0","473.727","23072192","0.648006","results/formal_v8/scalability/retry1/c10_d3072_dgg32_s2024_r004.json"
"c10_d3072_dgg32_s2024_r005","10","3072","dgg32","2024","5","PASS","0","0","0","0","463.448","23072192","0.615034","results/formal_v8/scalability/retry1/c10_d3072_dgg32_s2024_r005.json"
"c10_d3072_dgg32_s2025_r001","10","3072","dgg32","2025","1","PASS","0","0","0","0","452.02","23072192","0.605133","results/formal_v8/scalability/retry1/c10_d3072_dgg32_s2025_r001.json"
"c10_d3072_dgg32_s2025_r002","10","3072","dgg32","2025","2","PASS","0","0","0","0","457.739","23072192","0.610869","results/formal_v8/scalability/retry1/c10_d3072_dgg32_s2025_r002.json"
"c10_d3072_dgg32_s2025_r003","10","3072","dgg32","2025","3","PASS","0","0","0","0","389.475","23072192","0.543117","results/formal_v8/scalability/retry1/c10_d3072_dgg32_s2025_r003.json"
"c10_d3072_dgg32_s2025_r004","10","3072","dgg32","2025","4","PASS","0","0","0","0","448.189","23072192","0.590516","results/formal_v8/scalability/retry1/c10_d3072_dgg32_s2025_r004.json"
"c10_d3072_dgg32_s2025_r005","10","3072","dgg32","2025","5","PASS","0","0","0","0","445.544","23072192","0.595918","results/formal_v8/scalability/retry1/c10_d3072_dgg32_s2025_r005.json"
"c10_d3072_dgg32_s2026_r001","10","3072","dgg32","2026","1","PASS","0","0","0","0","439.938","23072192","0.581695","results/formal_v8/scalability/retry1/c10_d3072_dgg32_s2026_r001.json"
"c10_d3072_dgg32_s2026_r002","10","3072","dgg32","2026","2","PASS","0","0","0","0","458.842","23072192","0.616586","results/formal_v8/scalability/retry1/c10_d3072_dgg32_s2026_r002.json"
"c10_d3072_dgg32_s2026_r003","10","3072","dgg32","2026","3","PASS","0","0","0","0","498.92","23072192","0.64972","results/formal_v8/scalability/retry1/c10_d3072_dgg32_s2026_r003.json"
"c10_d3072_dgg32_s2026_r004","10","3072","dgg32","2026","4","PASS","0","0","0","0","426.765","23072192","0.568011","results/formal_v8/scalability/retry1/c10_d3072_dgg32_s2026_r004.json"
"c10_d3072_dgg32_s2026_r005","10","3072","dgg32","2026","5","PASS","0","0","0","0","410.103","23072192","0.559305","results/formal_v8/scalability/retry1/c10_d3072_dgg32_s2026_r005.json"
"c20_d3072_dgg32_s2024_r001","20","3072","dgg32","2024","1","PASS","0","0","0","0","808.898","44046912","0.960813","results/formal_v8/scalability/retry1/c20_d3072_dgg32_s2024_r001.json"
"c20_d3072_dgg32_s2024_r002","20","3072","dgg32","2024","2","PASS","0","0","0","0","816.546","44046912","0.968425","results/formal_v8/scalability/retry1/c20_d3072_dgg32_s2024_r002.json"
"c20_d3072_dgg32_s2024_r003","20","3072","dgg32","2024","3","PASS","0","0","0","0","890.881","44046912","1.032256","results/formal_v8/scalability/retry1/c20_d3072_dgg32_s2024_r003.json"
"c20_d3072_dgg32_s2024_r004","20","3072","dgg32","2024","4","PASS","0","0","0","0","842.955","44046912","0.99357","results/formal_v8/scalability/retry1/c20_d3072_dgg32_s2024_r004.json"
"c20_d3072_dgg32_s2024_r005","20","3072","dgg32","2024","5","PASS","0","0","0","0","776.151","44046912","0.92311","results/formal_v8/scalability/retry1/c20_d3072_dgg32_s2024_r005.json"
"c20_d3072_dgg32_s2025_r001","20","3072","dgg32","2025","1","PASS","0","0","0","0","816.607","44046912","0.971504","results/formal_v8/scalability/retry1/c20_d3072_dgg32_s2025_r001.json"
"c20_d3072_dgg32_s2025_r002","20","3072","dgg32","2025","2","PASS","0","0","0","0","850.573","44046912","0.997416","results/formal_v8/scalability/retry1/c20_d3072_dgg32_s2025_r002.json"
"c20_d3072_dgg32_s2025_r003","20","3072","dgg32","2025","3","PASS","0","0","0","0","855.811","44046912","1.022006","results/formal_v8/scalability/retry1/c20_d3072_dgg32_s2025_r003.json"
"c20_d3072_dgg32_s2025_r004","20","3072","dgg32","2025","4","PASS","0","0","0","0","840.318","44046912","1.002133","results/formal_v8/scalability/retry1/c20_d3072_dgg32_s2025_r004.json"
"c20_d3072_dgg32_s2025_r005","20","3072","dgg32","2025","5","PASS","0","0","0","0","867.972","44046912","1.01762","results/formal_v8/scalability/retry1/c20_d3072_dgg32_s2025_r005.json"
"c20_d3072_dgg32_s2026_r001","20","3072","dgg32","2026","1","PASS","0","0","0","0","609.57","44046912","1.113429","results/formal_v8/scalability/retry1/c20_d3072_dgg32_s2026_r001.json"
"c20_d3072_dgg32_s2026_r002","20","3072","dgg32","2026","2","PASS","0","0","0","0","1182.85","44046912","1.542835","results/formal_v8/scalability/retry1/c20_d3072_dgg32_s2026_r002.json"
"c20_d3072_dgg32_s2026_r003","20","3072","dgg32","2026","3","PASS","0","0","0","0","1314.66","44046912","1.565219","results/formal_v8/scalability/retry1/c20_d3072_dgg32_s2026_r003.json"
"c20_d3072_dgg32_s2026_r004","20","3072","dgg32","2026","4","PASS","0","0","0","0","1440.46","44046912","1.747483","results/formal_v8/scalability/retry1/c20_d3072_dgg32_s2026_r004.json"
"c20_d3072_dgg32_s2026_r005","20","3072","dgg32","2026","5","PASS","0","0","0","0","1109.84","44046912","1.312244","results/formal_v8/scalability/retry1/c20_d3072_dgg32_s2026_r005.json"
"c30_d3072_dgg32_s2024_r001","30","3072","dgg32","2024","1","PASS","0","0","0","0","1441.42","65021632","1.634275","results/formal_v8/scalability/retry1/c30_d3072_dgg32_s2024_r001.json"
"c30_d3072_dgg32_s2024_r002","30","3072","dgg32","2024","2","PASS","0","0","0","0","1299.74","65021632","1.458696","results/formal_v8/scalability/retry1/c30_d3072_dgg32_s2024_r002.json"
"c30_d3072_dgg32_s2024_r003","30","3072","dgg32","2024","3","PASS","0","0","0","0","1203.21","65021632","1.363692","results/formal_v8/scalability/retry1/c30_d3072_dgg32_s2024_r003.json"
"c30_d3072_dgg32_s2024_r004","30","3072","dgg32","2024","4","PASS","0","0","0","0","1246.07","65021632","1.390427","results/formal_v8/scalability/retry1/c30_d3072_dgg32_s2024_r004.json"
"c30_d3072_dgg32_s2024_r005","30","3072","dgg32","2024","5","PASS","0","0","0","0","1247.07","65021632","1.392737","results/formal_v8/scalability/retry1/c30_d3072_dgg32_s2024_r005.json"
"c30_d3072_dgg32_s2025_r001","30","3072","dgg32","2025","1","PASS","0","0","0","0","1178.08","65021632","1.319084","results/formal_v8/scalability/retry1/c30_d3072_dgg32_s2025_r001.json"
"c30_d3072_dgg32_s2025_r002","30","3072","dgg32","2025","2","PASS","0","0","0","0","1259.73","65021632","1.402157","results/formal_v8/scalability/retry1/c30_d3072_dgg32_s2025_r002.json"
"c30_d3072_dgg32_s2025_r003","30","3072","dgg32","2025","3","PASS","0","0","0","0","1170.51","65021632","1.309296","results/formal_v8/scalability/retry1/c30_d3072_dgg32_s2025_r003.json"
"c30_d3072_dgg32_s2025_r004","30","3072","dgg32","2025","4","PASS","0","0","0","0","1151.01","65021632","1.286906","results/formal_v8/scalability/retry1/c30_d3072_dgg32_s2025_r004.json"
"c30_d3072_dgg32_s2025_r005","30","3072","dgg32","2025","5","PASS","0","0","0","0","1411.82","65021632","1.586694","results/formal_v8/scalability/retry1/c30_d3072_dgg32_s2025_r005.json"
"c30_d3072_dgg32_s2026_r001","30","3072","dgg32","2026","1","PASS","0","0","0","0","1304.23","65021632","1.466869","results/formal_v8/scalability/retry1/c30_d3072_dgg32_s2026_r001.json"
"c30_d3072_dgg32_s2026_r002","30","3072","dgg32","2026","2","PASS","0","0","0","0","1156.71","65021632","1.311353","results/formal_v8/scalability/retry1/c30_d3072_dgg32_s2026_r002.json"
"c30_d3072_dgg32_s2026_r003","30","3072","dgg32","2026","3","PASS","0","0","0","0","1222.98","65021632","1.366776","results/formal_v8/scalability/retry1/c30_d3072_dgg32_s2026_r003.json"
"c30_d3072_dgg32_s2026_r004","30","3072","dgg32","2026","4","PASS","0","0","0","0","1299.82","65021632","1.445745","results/formal_v8/scalability/retry1/c30_d3072_dgg32_s2026_r004.json"
"c30_d3072_dgg32_s2026_r005","30","3072","dgg32","2026","5","PASS","0","0","0","0","1217.87","65021632","1.353507","results/formal_v8/scalability/retry1/c30_d3072_dgg32_s2026_r005.json"
"c50_d3072_dgg32_s2024_r001","50","3072","dgg32","2024","1","PASS","0","0","0","0","2031.11","106971072","2.175964","results/formal_v8/scalability/retry1/c50_d3072_dgg32_s2024_r001.json"
"c50_d3072_dgg32_s2024_r002","50","3072","dgg32","2024","2","PASS","0","0","0","0","2372.25","106971072","2.56622","results/formal_v8/scalability/retry1/c50_d3072_dgg32_s2024_r002.json"
"c50_d3072_dgg32_s2024_r003","50","3072","dgg32","2024","3","PASS","0","0","0","0","2064.73","106971072","2.208492","results/formal_v8/scalability/retry1/c50_d3072_dgg32_s2024_r003.json"
"c50_d3072_dgg32_s2024_r004","50","3072","dgg32","2024","4","PASS","0","0","0","0","2128.48","106971072","2.297744","results/formal_v8/scalability/retry1/c50_d3072_dgg32_s2024_r004.json"
"c50_d3072_dgg32_s2024_r005","50","3072","dgg32","2024","5","PASS","0","0","0","0","2263.35","106971072","2.418544","results/formal_v8/scalability/retry1/c50_d3072_dgg32_s2024_r005.json"
"c50_d3072_dgg32_s2025_r001","50","3072","dgg32","2025","1","PASS","0","0","0","0","2149.84","106971072","2.329358","results/formal_v8/scalability/retry1/c50_d3072_dgg32_s2025_r001.json"
"c50_d3072_dgg32_s2025_r002","50","3072","dgg32","2025","2","PASS","0","0","0","0","2600.61","106971072","2.772817","results/formal_v8/scalability/retry1/c50_d3072_dgg32_s2025_r002.json"
"c50_d3072_dgg32_s2025_r003","50","3072","dgg32","2025","3","PASS","0","0","0","0","2380.16","106971072","2.57107","results/formal_v8/scalability/retry1/c50_d3072_dgg32_s2025_r003.json"
"c50_d3072_dgg32_s2025_r004","50","3072","dgg32","2025","4","PASS","0","0","0","0","2363.17","106971072","2.545556","results/formal_v8/scalability/retry1/c50_d3072_dgg32_s2025_r004.json"
"c50_d3072_dgg32_s2025_r005","50","3072","dgg32","2025","5","PASS","0","0","0","0","2249.08","106971072","2.409071","results/formal_v8/scalability/retry1/c50_d3072_dgg32_s2025_r005.json"
"c50_d3072_dgg32_s2026_r001","50","3072","dgg32","2026","1","PASS","0","0","0","0","2261.5","106971072","2.45202","results/formal_v8/scalability/retry1/c50_d3072_dgg32_s2026_r001.json"
"c50_d3072_dgg32_s2026_r002","50","3072","dgg32","2026","2","PASS","0","0","0","0","2429.77","106971072","2.632279","results/formal_v8/scalability/retry1/c50_d3072_dgg32_s2026_r002.json"
"c50_d3072_dgg32_s2026_r003","50","3072","dgg32","2026","3","PASS","0","0","0","0","1992.84","106971072","2.165983","results/formal_v8/scalability/retry1/c50_d3072_dgg32_s2026_r003.json"
"c50_d3072_dgg32_s2026_r004","50","3072","dgg32","2026","4","PASS","0","0","0","0","2059.65","106971072","2.223896","results/formal_v8/scalability/retry1/c50_d3072_dgg32_s2026_r004.json"
"c50_d3072_dgg32_s2026_r005","50","3072","dgg32","2026","5","PASS","0","0","0","0","2108.13","106971072","2.269286","results/formal_v8/scalability/retry1/c50_d3072_dgg32_s2026_r005.json"
"c5_d10000_dgg32_s2024_r001","5","10000","dgg32","2024","1","PASS","0","0","0","0","277.737","12584832","0.431362","results/formal_v8/scalability/retry1/c5_d10000_dgg32_s2024_r001.json"
"c5_d10000_dgg32_s2024_r002","5","10000","dgg32","2024","2","PASS","0","0","0","0","242.696","12584832","0.413685","results/formal_v8/scalability/retry1/c5_d10000_dgg32_s2024_r002.json"
"c5_d10000_dgg32_s2024_r003","5","10000","dgg32","2024","3","PASS","0","0","0","0","258.469","12584832","0.429911","results/formal_v8/scalability/retry1/c5_d10000_dgg32_s2024_r003.json"
"c5_d10000_dgg32_s2024_r004","5","10000","dgg32","2024","4","PASS","0","0","0","0","227.807","12584832","0.386781","results/formal_v8/scalability/retry1/c5_d10000_dgg32_s2024_r004.json"
"c5_d10000_dgg32_s2024_r005","5","10000","dgg32","2024","5","PASS","0","0","0","0","231.535","12584832","0.392633","results/formal_v8/scalability/retry1/c5_d10000_dgg32_s2024_r005.json"
"c5_d10000_dgg32_s2025_r001","5","10000","dgg32","2025","1","PASS","0","0","0","0","250.332","12584832","0.404516","results/formal_v8/scalability/retry1/c5_d10000_dgg32_s2025_r001.json"
"c5_d10000_dgg32_s2025_r002","5","10000","dgg32","2025","2","PASS","0","0","0","0","252.328","12584832","0.408761","results/formal_v8/scalability/retry1/c5_d10000_dgg32_s2025_r002.json"
"c5_d10000_dgg32_s2025_r003","5","10000","dgg32","2025","3","PASS","0","0","0","0","251.351","12584832","0.412466","results/formal_v8/scalability/retry1/c5_d10000_dgg32_s2025_r003.json"
"c5_d10000_dgg32_s2025_r004","5","10000","dgg32","2025","4","PASS","0","0","0","0","235.727","12584832","0.373361","results/formal_v8/scalability/retry1/c5_d10000_dgg32_s2025_r004.json"
"c5_d10000_dgg32_s2025_r005","5","10000","dgg32","2025","5","PASS","0","0","0","0","225.397","12584832","0.359806","results/formal_v8/scalability/retry1/c5_d10000_dgg32_s2025_r005.json"
"c5_d10000_dgg32_s2026_r001","5","10000","dgg32","2026","1","PASS","0","0","0","0","226.529","12584832","0.365326","results/formal_v8/scalability/retry1/c5_d10000_dgg32_s2026_r001.json"
"c5_d10000_dgg32_s2026_r002","5","10000","dgg32","2026","2","PASS","0","0","0","0","242.166","12584832","0.399122","results/formal_v8/scalability/retry1/c5_d10000_dgg32_s2026_r002.json"
"c5_d10000_dgg32_s2026_r003","5","10000","dgg32","2026","3","PASS","0","0","0","0","217.815","12584832","0.355653","results/formal_v8/scalability/retry1/c5_d10000_dgg32_s2026_r003.json"
"c5_d10000_dgg32_s2026_r004","5","10000","dgg32","2026","4","PASS","0","0","0","0","256.871","12584832","0.39208","results/formal_v8/scalability/retry1/c5_d10000_dgg32_s2026_r004.json"
"c5_d10000_dgg32_s2026_r005","5","10000","dgg32","2026","5","PASS","0","0","0","0","246.521","12584832","0.384542","results/formal_v8/scalability/retry1/c5_d10000_dgg32_s2026_r005.json"
"c10_d10000_dgg32_s2024_r001","10","10000","dgg32","2024","1","PASS","0","0","0","0","429.522","23072192","0.575496","results/formal_v8/scalability/retry1/c10_d10000_dgg32_s2024_r001.json"
"c10_d10000_dgg32_s2024_r002","10","10000","dgg32","2024","2","PASS","0","0","0","0","423.688","23072192","0.586338","results/formal_v8/scalability/retry1/c10_d10000_dgg32_s2024_r002.json"
"c10_d10000_dgg32_s2024_r003","10","10000","dgg32","2024","3","PASS","0","0","0","0","440.94","23072192","0.591715","results/formal_v8/scalability/retry1/c10_d10000_dgg32_s2024_r003.json"
"c10_d10000_dgg32_s2024_r004","10","10000","dgg32","2024","4","PASS","0","0","0","0","452.121","23072192","0.606218","results/formal_v8/scalability/retry1/c10_d10000_dgg32_s2024_r004.json"
"c10_d10000_dgg32_s2024_r005","10","10000","dgg32","2024","5","PASS","0","0","0","0","457.107","23072192","0.59826","results/formal_v8/scalability/retry1/c10_d10000_dgg32_s2024_r005.json"
"c10_d10000_dgg32_s2025_r001","10","10000","dgg32","2025","1","PASS","0","0","0","0","419.762","23072192","0.578494","results/formal_v8/scalability/retry1/c10_d10000_dgg32_s2025_r001.json"
"c10_d10000_dgg32_s2025_r002","10","10000","dgg32","2025","2","PASS","0","0","0","0","461.9","23072192","0.618846","results/formal_v8/scalability/retry1/c10_d10000_dgg32_s2025_r002.json"
"c10_d10000_dgg32_s2025_r003","10","10000","dgg32","2025","3","PASS","0","0","0","0","440.811","23072192","0.591158","results/formal_v8/scalability/retry1/c10_d10000_dgg32_s2025_r003.json"
"c10_d10000_dgg32_s2025_r004","10","10000","dgg32","2025","4","PASS","0","0","0","0","425.968","23072192","0.573054","results/formal_v8/scalability/retry1/c10_d10000_dgg32_s2025_r004.json"
"c10_d10000_dgg32_s2025_r005","10","10000","dgg32","2025","5","PASS","0","0","0","0","470.612","23072192","0.599882","results/formal_v8/scalability/retry1/c10_d10000_dgg32_s2025_r005.json"
"c10_d10000_dgg32_s2026_r001","10","10000","dgg32","2026","1","PASS","0","0","0","0","404.639","23072192","0.554062","results/formal_v8/scalability/retry1/c10_d10000_dgg32_s2026_r001.json"
"c10_d10000_dgg32_s2026_r002","10","10000","dgg32","2026","2","PASS","0","0","0","0","392.831","23072192","0.558834","results/formal_v8/scalability/retry1/c10_d10000_dgg32_s2026_r002.json"
"c10_d10000_dgg32_s2026_r003","10","10000","dgg32","2026","3","PASS","0","0","0","0","410.983","23072192","0.561398","results/formal_v8/scalability/retry1/c10_d10000_dgg32_s2026_r003.json"
"c10_d10000_dgg32_s2026_r004","10","10000","dgg32","2026","4","PASS","0","0","0","0","469.212","23072192","0.610597","results/formal_v8/scalability/retry1/c10_d10000_dgg32_s2026_r004.json"
"c10_d10000_dgg32_s2026_r005","10","10000","dgg32","2026","5","PASS","0","0","0","0","428.169","23072192","0.586662","results/formal_v8/scalability/retry1/c10_d10000_dgg32_s2026_r005.json"
"c20_d10000_dgg32_s2024_r001","20","10000","dgg32","2024","1","PASS","0","0","0","0","906.336","44046912","1.05241","results/formal_v8/scalability/retry1/c20_d10000_dgg32_s2024_r001.json"
"c20_d10000_dgg32_s2024_r002","20","10000","dgg32","2024","2","PASS","0","0","0","0","797.351","44046912","0.939978","results/formal_v8/scalability/retry1/c20_d10000_dgg32_s2024_r002.json"
"c20_d10000_dgg32_s2024_r003","20","10000","dgg32","2024","3","PASS","0","0","0","0","741.759","44046912","0.896438","results/formal_v8/scalability/retry1/c20_d10000_dgg32_s2024_r003.json"
"c20_d10000_dgg32_s2024_r004","20","10000","dgg32","2024","4","PASS","0","0","0","0","792.789","44046912","0.931385","results/formal_v8/scalability/retry1/c20_d10000_dgg32_s2024_r004.json"
"c20_d10000_dgg32_s2024_r005","20","10000","dgg32","2024","5","PASS","0","0","0","0","806.11","44046912","0.959024","results/formal_v8/scalability/retry1/c20_d10000_dgg32_s2024_r005.json"
"c20_d10000_dgg32_s2025_r001","20","10000","dgg32","2025","1","PASS","0","0","0","0","913.079","44046912","1.071966","results/formal_v8/scalability/retry1/c20_d10000_dgg32_s2025_r001.json"
"c20_d10000_dgg32_s2025_r002","20","10000","dgg32","2025","2","PASS","0","0","0","0","800.041","44046912","0.95631","results/formal_v8/scalability/retry1/c20_d10000_dgg32_s2025_r002.json"
"c20_d10000_dgg32_s2025_r003","20","10000","dgg32","2025","3","PASS","0","0","0","0","835.761","44046912","0.988033","results/formal_v8/scalability/retry1/c20_d10000_dgg32_s2025_r003.json"
"c20_d10000_dgg32_s2025_r004","20","10000","dgg32","2025","4","PASS","0","0","0","0","840.822","44046912","0.984634","results/formal_v8/scalability/retry1/c20_d10000_dgg32_s2025_r004.json"
"c20_d10000_dgg32_s2025_r005","20","10000","dgg32","2025","5","PASS","0","0","0","0","829.699","44046912","0.980549","results/formal_v8/scalability/retry1/c20_d10000_dgg32_s2025_r005.json"
"c20_d10000_dgg32_s2026_r001","20","10000","dgg32","2026","1","PASS","0","0","0","0","855.424","44046912","1.009549","results/formal_v8/scalability/retry1/c20_d10000_dgg32_s2026_r001.json"
"c20_d10000_dgg32_s2026_r002","20","10000","dgg32","2026","2","PASS","0","0","0","0","812.275","44046912","0.979636","results/formal_v8/scalability/retry1/c20_d10000_dgg32_s2026_r002.json"
"c20_d10000_dgg32_s2026_r003","20","10000","dgg32","2026","3","PASS","0","0","0","0","776.148","44046912","0.922313","results/formal_v8/scalability/retry1/c20_d10000_dgg32_s2026_r003.json"
"c20_d10000_dgg32_s2026_r004","20","10000","dgg32","2026","4","PASS","0","0","0","0","821.339","44046912","0.975137","results/formal_v8/scalability/retry1/c20_d10000_dgg32_s2026_r004.json"
"c20_d10000_dgg32_s2026_r005","20","10000","dgg32","2026","5","PASS","0","0","0","0","971.151","44046912","1.138927","results/formal_v8/scalability/retry1/c20_d10000_dgg32_s2026_r005.json"
"c30_d10000_dgg32_s2024_r001","30","10000","dgg32","2024","1","PASS","0","0","0","0","1460.42","65021632","1.625097","results/formal_v8/scalability/retry1/c30_d10000_dgg32_s2024_r001.json"
"c30_d10000_dgg32_s2024_r002","30","10000","dgg32","2024","2","PASS","0","0","0","0","1288.05","65021632","1.474996","results/formal_v8/scalability/retry1/c30_d10000_dgg32_s2024_r002.json"
"c30_d10000_dgg32_s2024_r003","30","10000","dgg32","2024","3","PASS","0","0","0","0","1224.32","65021632","1.391992","results/formal_v8/scalability/retry1/c30_d10000_dgg32_s2024_r003.json"
"c30_d10000_dgg32_s2024_r004","30","10000","dgg32","2024","4","PASS","0","0","0","0","1312.75","65021632","1.457506","results/formal_v8/scalability/retry1/c30_d10000_dgg32_s2024_r004.json"
"c30_d10000_dgg32_s2024_r005","30","10000","dgg32","2024","5","PASS","0","0","0","0","1284.88","65021632","1.473757","results/formal_v8/scalability/retry1/c30_d10000_dgg32_s2024_r005.json"
"c30_d10000_dgg32_s2025_r001","30","10000","dgg32","2025","1","PASS","0","0","0","0","1107.41","65021632","1.250033","results/formal_v8/scalability/retry1/c30_d10000_dgg32_s2025_r001.json"
"c30_d10000_dgg32_s2025_r002","30","10000","dgg32","2025","2","PASS","0","0","0","0","1068.26","65021632","1.206924","results/formal_v8/scalability/retry1/c30_d10000_dgg32_s2025_r002.json"
"c30_d10000_dgg32_s2025_r003","30","10000","dgg32","2025","3","PASS","0","0","0","0","1051.7","65021632","1.183397","results/formal_v8/scalability/retry1/c30_d10000_dgg32_s2025_r003.json"
"c30_d10000_dgg32_s2025_r004","30","10000","dgg32","2025","4","PASS","0","0","0","0","1157.91","65021632","1.28468","results/formal_v8/scalability/retry1/c30_d10000_dgg32_s2025_r004.json"
"c30_d10000_dgg32_s2025_r005","30","10000","dgg32","2025","5","PASS","0","0","0","0","1014.39","65021632","1.146244","results/formal_v8/scalability/retry1/c30_d10000_dgg32_s2025_r005.json"
"c30_d10000_dgg32_s2026_r001","30","10000","dgg32","2026","1","PASS","0","0","0","0","1022.07","65021632","1.150054","results/formal_v8/scalability/retry1/c30_d10000_dgg32_s2026_r001.json"
"c30_d10000_dgg32_s2026_r002","30","10000","dgg32","2026","2","PASS","0","0","0","0","984.413","65021632","1.112199","results/formal_v8/scalability/retry1/c30_d10000_dgg32_s2026_r002.json"
"c30_d10000_dgg32_s2026_r003","30","10000","dgg32","2026","3","PASS","0","0","0","0","938.865","65021632","1.059756","results/formal_v8/scalability/retry1/c30_d10000_dgg32_s2026_r003.json"
"c30_d10000_dgg32_s2026_r004","30","10000","dgg32","2026","4","PASS","0","0","0","0","1082.6","65021632","1.220698","results/formal_v8/scalability/retry1/c30_d10000_dgg32_s2026_r004.json"
"c30_d10000_dgg32_s2026_r005","30","10000","dgg32","2026","5","PASS","0","0","0","0","1078.31","65021632","1.207185","results/formal_v8/scalability/retry1/c30_d10000_dgg32_s2026_r005.json"
"c50_d10000_dgg32_s2024_r001","50","10000","dgg32","2024","1","PASS","0","0","0","0","1790.38","106971072","1.926136","results/formal_v8/scalability/retry1/c50_d10000_dgg32_s2024_r001.json"
"c50_d10000_dgg32_s2024_r002","50","10000","dgg32","2024","2","PASS","0","0","0","0","1610.6","106971072","1.728434","results/formal_v8/scalability/retry1/c50_d10000_dgg32_s2024_r002.json"
"c50_d10000_dgg32_s2024_r003","50","10000","dgg32","2024","3","PASS","0","0","0","0","1625.67","106971072","1.7532","results/formal_v8/scalability/retry1/c50_d10000_dgg32_s2024_r003.json"
"c50_d10000_dgg32_s2024_r004","50","10000","dgg32","2024","4","PASS","0","0","0","0","1652.28","106971072","1.767492","results/formal_v8/scalability/retry1/c50_d10000_dgg32_s2024_r004.json"
"c50_d10000_dgg32_s2024_r005","50","10000","dgg32","2024","5","PASS","0","0","0","0","1650.26","106971072","1.77352","results/formal_v8/scalability/retry1/c50_d10000_dgg32_s2024_r005.json"
"c50_d10000_dgg32_s2025_r001","50","10000","dgg32","2025","1","PASS","0","0","0","0","1754.78","106971072","1.88835","results/formal_v8/scalability/retry1/c50_d10000_dgg32_s2025_r001.json"
"c50_d10000_dgg32_s2025_r002","50","10000","dgg32","2025","2","PASS","0","0","0","0","1739.95","106971072","1.871651","results/formal_v8/scalability/retry1/c50_d10000_dgg32_s2025_r002.json"
"c50_d10000_dgg32_s2025_r003","50","10000","dgg32","2025","3","PASS","0","0","0","0","1605.24","106971072","1.733965","results/formal_v8/scalability/retry1/c50_d10000_dgg32_s2025_r003.json"
"c50_d10000_dgg32_s2025_r004","50","10000","dgg32","2025","4","PASS","0","0","0","0","1526.59","106971072","1.641627","results/formal_v8/scalability/retry1/c50_d10000_dgg32_s2025_r004.json"
"c50_d10000_dgg32_s2025_r005","50","10000","dgg32","2025","5","PASS","0","0","0","0","1614.42","106971072","1.7518","results/formal_v8/scalability/retry1/c50_d10000_dgg32_s2025_r005.json"
"c50_d10000_dgg32_s2026_r001","50","10000","dgg32","2026","1","PASS","0","0","0","0","1624.31","106971072","1.743357","results/formal_v8/scalability/retry1/c50_d10000_dgg32_s2026_r001.json"
"c50_d10000_dgg32_s2026_r002","50","10000","dgg32","2026","2","PASS","0","0","0","0","1650.52","106971072","1.772354","results/formal_v8/scalability/retry1/c50_d10000_dgg32_s2026_r002.json"
"c50_d10000_dgg32_s2026_r003","50","10000","dgg32","2026","3","PASS","0","0","0","0","1576.82","106971072","1.686799","results/formal_v8/scalability/retry1/c50_d10000_dgg32_s2026_r003.json"
"c50_d10000_dgg32_s2026_r004","50","10000","dgg32","2026","4","PASS","0","0","0","0","1622.12","106971072","1.729637","results/formal_v8/scalability/retry1/c50_d10000_dgg32_s2026_r004.json"
"c50_d10000_dgg32_s2026_r005","50","10000","dgg32","2026","5","PASS","0","0","0","0","1581.74","106971072","1.703015","results/formal_v8/scalability/retry1/c50_d10000_dgg32_s2026_r005.json"
