"case_id","ablation","clients","dimension","seed","repetition","k","k0","apbr","status","encoded_plaintext_diff_linf","encoded_plaintext_mismatch_count","q_domain_diff_linf","q_domain_mismatch_count","total_ms","path_processing_ms","cs_recovery_ms","total_bytes","total_fragments_per_path","result_file"
"full_c30_d784_s2024_r001","full","30","784","2024","1","2","2","true","PASS","0","0","0","0","918.432","611.477","62.516","65021632","62","results/formal_v8/ablations/full_c30_d784_s2024_r001.json"
"full_c30_d784_s2024_r002","full","30","784","2024","2","2","2","true","PASS","0","0","0","0","970.401","639.603","63.7456","65021632","62","results/formal_v8/ablations/full_c30_d784_s2024_r002.json"
"full_c30_d784_s2024_r003","full","30","784","2024","3","2","2","true","PASS","0","0","0","0","924.627","611.914","65.9469","65021632","62","results/formal_v8/ablations/full_c30_d784_s2024_r003.json"
"full_c30_d784_s2024_r004","full","30","784","2024","4","2","2","true","PASS","0","0","0","0","889.838","573.71","61.475","65021632","62","results/formal_v8/ablations/full_c30_d784_s2024_r004.json"
"full_c30_d784_s2024_r005","full","30","784","2024","5","2","2","true","PASS","0","0","0","0","881.891","580.275","66.1408","65021632","62","results/formal_v8/ablations/full_c30_d784_s2024_r005.json"
"full_c30_d784_s2025_r001","full","30","784","2025","1","2","2","true","PASS","0","0","0","0","895.356","580.317","65.9241","65021632","62","results/formal_v8/ablations/full_c30_d784_s2025_r001.json"
"full_c30_d784_s2025_r002","full","30","784","2025","2","2","2","true","PASS","0","0","0","0","960.619","599.548","81.2192","65021632","62","results/formal_v8/ablations/full_c30_d784_s2025_r002.json"
"full_c30_d784_s2025_r003","full","30","784","2025","3","2","2","true","PASS","0","0","0","0","900.833","574.73","59.9835","65021632","62","results/formal_v8/ablations/full_c30_d784_s2025_r003.json"
"full_c30_d784_s2025_r004","full","30","784","2025","4","2","2","true","PASS","0","0","0","0","929.371","606.157","60.8768","65021632","62","results/formal_v8/ablations/full_c30_d784_s2025_r004.json"
"full_c30_d784_s2025_r005","full","30","784","2025","5","2","2","true","PASS","0","0","0","0","906.464","592.051","63.3468","65021632","62","results/formal_v8/ablations/full_c30_d784_s2025_r005.json"
"full_c30_d784_s2026_r001","full","30","784","2026","1","2","2","true","PASS","0","0","0","0","916.217","592.896","64.699","65021632","62","results/formal_v8/ablations/full_c30_d784_s2026_r001.json"
"full_c30_d784_s2026_r002","full","30","784","2026","2","2","2","true","PASS","0","0","0","0","884.279","573.406","66.6162","65021632","62","results/formal_v8/ablations/full_c30_d784_s2026_r002.json"
"full_c30_d784_s2026_r003","full","30","784","2026","3","2","2","true","PASS","0","0","0","0","875.432","574.204","58.7846","65021632","62","results/formal_v8/ablations/full_c30_d784_s2026_r003.json"
"full_c30_d784_s2026_r004","full","30","784","2026","4","2","2","true","PASS","0","0","0","0","877.43","564.701","77.6219","65021632","62","results/formal_v8/ablations/full_c30_d784_s2026_r004.json"
"full_c30_d784_s2026_r005","full","30","784","2026","5","2","2","true","PASS","0","0","0","0","886.777","583.361","60.6808","65021632","62","results/formal_v8/ablations/full_c30_d784_s2026_r005.json"
"no_dummy_c30_d784_s2024_r001","no_dummy","30","784","2024","1","2","0","true","PASS","0","0","0","0","858.233","555.417","61.8716","62924160","60","results/formal_v8/ablations/no_dummy_c30_d784_s2024_r001.json"
"no_dummy_c30_d784_s2024_r002","no_dummy","30","784","2024","2","2","0","true","PASS","0","0","0","0","903.826","587.368","59.4312","62924160","60","results/formal_v8/ablations/no_dummy_c30_d784_s2024_r002.json"
"no_dummy_c30_d784_s2024_r003","no_dummy","30","784","2024","3","2","0","true","PASS","0","0","0","0","900.451","573.009","67.9883","62924160","60","results/formal_v8/ablations/no_dummy_c30_d784_s2024_r003.json"
"no_dummy_c30_d784_s2024_r004","no_dummy","30","784","2024","4","2","0","true","PASS","0","0","0","0","904.601","589.898","67.1472","62924160","60","results/formal_v8/ablations/no_dummy_c30_d784_s2024_r004.json"
"no_dummy_c30_d784_s2024_r005","no_dummy","30","784","2024","5","2","0","true","PASS","0","0","0","0","867.24","560.703","60.3226","62924160","60","results/formal_v8/ablations/no_dummy_c30_d784_s2024_r005.json"
"no_dummy_c30_d784_s2025_r001","no_dummy","30","784","2025","1","2","0","true","PASS","0","0","0","0","881.941","582.114","58.4147","62924160","60","results/formal_v8/ablations/no_dummy_c30_d784_s2025_r001.json"
"no_dummy_c30_d784_s2025_r002","no_dummy","30","784","2025","2","2","0","true","PASS","0","0","0","0","875.023","561.851","60.3883","62924160","60","results/formal_v8/ablations/no_dummy_c30_d784_s2025_r002.json"
"no_dummy_c30_d784_s2025_r003","no_dummy","30","784","2025","3","2","0","true","PASS","0","0","0","0","898.402","587.874","59.3628","62924160","60","results/formal_v8/ablations/no_dummy_c30_d784_s2025_r003.json"
"no_dummy_c30_d784_s2025_r004","no_dummy","30","784","2025","4","2","0","true","PASS","0","0","0","0","886.56","569.958","60.9301","62924160","60","results/formal_v8/ablations/no_dummy_c30_d784_s2025_r004.json"
"no_dummy_c30_d784_s2025_r005","no_dummy","30","784","2025","5","2","0","true","PASS","0","0","0","0","906.582","594.286","60.3191","62924160","60","results/formal_v8/ablations/no_dummy_c30_d784_s2025_r005.json"
"no_dummy_c30_d784_s2026_r001","no_dummy","30","784","2026","1","2","0","true","PASS","0","0","0","0","906.813","587.609","61.655","62924160","60","results/formal_v8/ablations/no_dummy_c30_d784_s2026_r001.json"
"no_dummy_c30_d784_s2026_r002","no_dummy","30","784","2026","2","2","0","true","PASS","0","0","0","0","892.103","586.086","61.7691","62924160","60","results/formal_v8/ablations/no_dummy_c30_d784_s2026_r002.json"
"no_dummy_c30_d784_s2026_r003","no_dummy","30","784","2026","3","2","0","true","PASS","0","0","0","0","867.599","557.801","67.4158","62924160","60","results/formal_v8/ablations/no_dummy_c30_d784_s2026_r003.json"
"no_dummy_c30_d784_s2026_r004","no_dummy","30","784","2026","4","2","0","true","PASS","0","0","0","0","921.007","604.233","61.0262","62924160","60","results/formal_v8/ablations/no_dummy_c30_d784_s2026_r004.json"
"no_dummy_c30_d784_s2026_r005","no_dummy","30","784","2026","5","2","0","true","PASS","0","0","0","0","860.55","555.12","61.8799","62924160","60","results/formal_v8/ablations/no_dummy_c30_d784_s2026_r005.json"
"no_apbr_c30_d784_s2024_r001","no_apbr","30","784","2024","1","2","2","false","PASS","0","0","0","0","838.197","484.281","63.2271","65021632","62","results/formal_v8/ablations/no_apbr_c30_d784_s2024_r001.json"
"no_apbr_c30_d784_s2024_r002","no_apbr","30","784","2024","2","2","2","false","PASS","0","0","0","0","754.801","453.416","63.4591","65021632","62","results/formal_v8/ablations/no_apbr_c30_d784_s2024_r002.json"
"no_apbr_c30_d784_s2024_r003","no_apbr","30","784","2024","3","2","2","false","PASS","0","0","0","0","771.71","478.108","60.3478","65021632","62","results/formal_v8/ablations/no_apbr_c30_d784_s2024_r003.json"
"no_apbr_c30_d784_s2024_r004","no_apbr","30","784","2024","4","2","2","false","PASS","0","0","0","0","754.95","450.991","64.7252","65021632","62","results/formal_v8/ablations/no_apbr_c30_d784_s2024_r004.json"
"no_apbr_c30_d784_s2024_r005","no_apbr","30","784","2024","5","2","2","false","PASS","0","0","0","0","797.521","473.604","65.3578","65021632","62","results/formal_v8/ablations/no_apbr_c30_d784_s2024_r005.json"
"no_apbr_c30_d784_s2025_r001","no_apbr","30","784","2025","1","2","2","false","PASS","0","0","0","0","776.085","454.746","64.14","65021632","62","results/formal_v8/ablations/no_apbr_c30_d784_s2025_r001.json"
"no_apbr_c30_d784_s2025_r002","no_apbr","30","784","2025","2","2","2","false","PASS","0","0","0","0","770.329","457.924","69.6907","65021632","62","results/formal_v8/ablations/no_apbr_c30_d784_s2025_r002.json"
"no_apbr_c30_d784_s2025_r003","no_apbr","30","784","2025","3","2","2","false","PASS","0","0","0","0","790.659","488.5","59.2497","65021632","62","results/formal_v8/ablations/no_apbr_c30_d784_s2025_r003.json"
"no_apbr_c30_d784_s2025_r004","no_apbr","30","784","2025","4","2","2","false","PASS","0","0","0","0","742.875","451.169","60.0635","65021632","62","results/formal_v8/ablations/no_apbr_c30_d784_s2025_r004.json"
"no_apbr_c30_d784_s2025_r005","no_apbr","30","784","2025","5","2","2","false","PASS","0","0","0","0","789.27","487.341","62.7193","65021632","62","results/formal_v8/ablations/no_apbr_c30_d784_s2025_r005.json"
"no_apbr_c30_d784_s2026_r001","no_apbr","30","784","2026","1","2","2","false","PASS","0","0","0","0","821.409","484.154","68.7387","65021632","62","results/formal_v8/ablations/no_apbr_c30_d784_s2026_r001.json"
"no_apbr_c30_d784_s2026_r002","no_apbr","30","784","2026","2","2","2","false","PASS","0","0","0","0","802.103","470.869","62.0828","65021632","62","results/formal_v8/ablations/no_apbr_c30_d784_s2026_r002.json"
"no_apbr_c30_d784_s2026_r003","no_apbr","30","784","2026","3","2","2","false","PASS","0","0","0","0","787.699","473.205","60.5064","65021632","62","results/formal_v8/ablations/no_apbr_c30_d784_s2026_r003.json"
"no_apbr_c30_d784_s2026_r004","no_apbr","30","784","2026","4","2","2","false","PASS","0","0","0","0","794.229","457.588","63.2959","65021632","62","results/formal_v8/ablations/no_apbr_c30_d784_s2026_r004.json"
"no_apbr_c30_d784_s2026_r005","no_apbr","30","784","2026","5","2","2","false","PASS","0","0","0","0","762.237","459.164","62.3271","65021632","62","results/formal_v8/ablations/no_apbr_c30_d784_s2026_r005.json"
"k1_c30_d784_s2024_r001","k1","30","784","2024","1","1","2","true","PASS","0","0","0","0","567.356","293.814","34.84","33559552","32","results/formal_v8/ablations/k1_c30_d784_s2024_r001.json"
"k1_c30_d784_s2024_r002","k1","30","784","2024","2","1","2","true","PASS","0","0","0","0","575.328","306.006","35.8595","33559552","32","results/formal_v8/ablations/k1_c30_d784_s2024_r002.json"
"k1_c30_d784_s2024_r003","k1","30","784","2024","3","1","2","true","PASS","0","0","0","0","587.155","308.806","33.151","33559552","32","results/formal_v8/ablations/k1_c30_d784_s2024_r003.json"
"k1_c30_d784_s2024_r004","k1","30","784","2024","4","1","2","true","PASS","0","0","0","0","573.661","296.738","33.0874","33559552","32","results/formal_v8/ablations/k1_c30_d784_s2024_r004.json"
"k1_c30_d784_s2024_r005","k1","30","784","2024","5","1","2","true","PASS","0","0","0","0","583.184","303.333","37.8726","33559552","32","results/formal_v8/ablations/k1_c30_d784_s2024_r005.json"
"k1_c30_d784_s2025_r001","k1","30","784","2025","1","1","2","true","PASS","0","0","0","0","585.842","303.324","37.9968","33559552","32","results/formal_v8/ablations/k1_c30_d784_s2025_r001.json"
"k1_c30_d784_s2025_r002","k1","30","784","2025","2","1","2","true","PASS","0","0","0","0","584.766","294.952","31.1443","33559552","32","results/formal_v8/ablations/k1_c30_d784_s2025_r002.json"
"k1_c30_d784_s2025_r003","k1","30","784","2025","3","1","2","true","PASS","0","0","0","0","567.644","300.584","33.1862","33559552","32","results/formal_v8/ablations/k1_c30_d784_s2025_r003.json"
"k1_c30_d784_s2025_r004","k1","30","784","2025","4","1","2","true","PASS","0","0","0","0","570.769","301.462","36.8755","33559552","32","results/formal_v8/ablations/k1_c30_d784_s2025_r004.json"
"k1_c30_d784_s2025_r005","k1","30","784","2025","5","1","2","true","PASS","0","0","0","0","615.461","319.009","38.3578","33559552","32","results/formal_v8/ablations/k1_c30_d784_s2025_r005.json"
"k1_c30_d784_s2026_r001","k1","30","784","2026","1","1","2","true","PASS","0","0","0","0","592.871","306.197","33.0246","33559552","32","results/formal_v8/ablations/k1_c30_d784_s2026_r001.json"
"k1_c30_d784_s2026_r002","k1","30","784","2026","2","1","2","true","PASS","0","0","0","0","571.836","297.617","35.246","33559552","32","results/formal_v8/ablations/k1_c30_d784_s2026_r002.json"
"k1_c30_d784_s2026_r003","k1","30","784","2026","3","1","2","true","PASS","0","0","0","0","567.513","297.01","33.7965","33559552","32","results/formal_v8/ablations/k1_c30_d784_s2026_r003.json"
"k1_c30_d784_s2026_r004","k1","30","784","2026","4","1","2","true","PASS","0","0","0","0","637.959","346.951","37.8326","33559552","32","results/formal_v8/ablations/k1_c30_d784_s2026_r004.json"
"k1_c30_d784_s2026_r005","k1","30","784","2026","5","1","2","true","PASS","0","0","0","0","584.761","294.697","35.0808","33559552","32","results/formal_v8/ablations/k1_c30_d784_s2026_r005.json"
